Codigo;Descripcion;UbicacionCorregida;DisponibleCodigo;UDS_1Mes;UDS_3Meses;Almacen;Catalogo;Obsoleto;Tipo;UbicacionCodigo;Padre;UbicacionPadre;DisponiblePadre;Volumen;Peso;DeptATerceros;DeptDeTerceros;UbicacionCodigoAlt1;UbicacionCodigoAlt2;Existencias;MOSTRAR EN HEATMAP
81CON3913N;Kit Colgante 2,5m Negro Texturado, LED E27 15W, CL.I;A01010;1193;93;262;PT;ACB;FALSO;COMP;A01010;;;;0,0015;0,4;0;0;A02 03 3 (;"A01 01 3 (600)   A01 09 2 (140))





";1418;
81CON3913B;Kit Colgante 2,5m Blanco texturado, LED E27 15W, CL.I;A01011;1103;90;212;PT;ACB;FALSO;COMP;A01011;;;;0,0015;0,4;1;0;;"A02 10 3 (500)               A02 11 3 (500)



";1129;
T37640B;Zoom Track light 3764/10 Blanco Texturado, LED GU10 8W, CL.II;A01020;1485;28;94;PT;ACB;FALSO;PT;A01020;;;;0,001041;0,23;0;0;A01 02 2 (;"endiente de revisar   A02 16 2 (300)

B02 29 1(800)

";1490;
F37640B;Zoom Foco 3764/10 Blanco Texturado, LED GU10 8W, CL.I, Orientable;A01021;654;40;115;PT;ACB;FALSO;PT;A01021;;;;0,000833;0,295;0;0;A01 02 2 (;;719;
P3874R30B;Gina Plafón 3874/R3 Blanco texturado, LED GU10 3x8W, CL.I, Orientable;A01030;208;41;108;PT;ACB;FALSO;PT;A01030;;;;0,0045;1,105;0;0;;A01 11 3 (120);224;
K1018070B;Kit Base Blanco Texturado, LED 2x5.5W 1060lm, CRI90 CL.I IP65, 2700K-3000K Slide Switch;A01031;962;23;43;PT;OTROS;FALSO;PT;A01031;;;;0,001;0,46;0;0;A02 21 2  ;A01 07 2 (360);983;
K1018070N;Kit Base Negro Texturado, LED 2x5.5W 1060lm, CRI90 CL.I IP65, 2700K-3000K Slide Switch;A01031;3409;59;124;PT;OTROS;FALSO;PT;A01031;;;;0,001;0,46;0;0;A01 03 2 (;"A01 10 2 (840) A01 05 3 (600)
A01 05 2 (700) 
A01 28 3 (560) 

";3469;
T37640N;Zoom Track light 3764/10 Negro Texturado, LED GU10 8W, CL.II;A01040;1343;37;90;PT;ACB;FALSO;PT;A01040;;;;0,001041;0,23;0;0;A01 06 2 (;"pendiente de revisar   

B04 12 2(800)




";1428;
P37640B;Zoom Plafón 3764/10 Blanco Texturado, LED GU10 8W, CL.I;A01041;590;28;71;PT;ACB;FALSO;PT;A01041;;;;0,000523;0,185;0;0;A02 05 2 (;;812;
K0019040N;Kendo Bisel 100 mm Negro Texturado;A01050;1197;27;67;PT;OTROS;FALSO;PT;A01050;;;;0,0013;0,27;0;0;A01 23 3 (;;1217;
P3874R20B;Gina Plafón 3874/R2 Blanco texturado, LED GU10 2x8W, CL.I, Orientable;A01051;320;39;97;PT;ACB;FALSO;PT;A01051;;;;0,002394;0,705;0;0;A01 14 2 (;"


";332;
E4018070BSD;Short Empotrable Ø70mm Blanco Texturado, LED COB 5W 590lm, CRI90 CL.II IP40, 3000K-4000K Slide Switch, Sin Driver;A01060;117;6;9;PT;OTROS;FALSO;PT;A01060;;;;0;0,001;0;0;;;118;
K1002140N;Easy Link Tapa Final Negra;A01060;498;28;79;PT;ACB;FALSO;PT;A01060;;;;0,000361;0,13;0;0;;;522;
E37640B;Zoom Empotrable 3764/9 Blanco texturado, LED GU10 8W, CL.II, Orientable;A01061;644;27;65;PT;ACB;FALSO;PT;A01061;;;;0,000981;0,25;0;0;A02 11 2 (;;648;
5FIN4116N;Tapa Final Carril Trifásico Policarbonato Negro;A01070;267;35;75;PT;ACB;FALSO;COMP;A01070;;;;0,000036;0,02;0;0;;;272;
E4023170BSD;Tilt Empotrable Ø85mm Blanco Texturado, LED COB 5W 550lm, CRI90 CL.II IP40/IP20, 2700K-3000K Slide Switch, Sin Driver;A01070;191;2;4;PT;OTROS;FALSO;PT;A01070;;;;0;0;0;0;;;191;
F37640N;Zoom Foco 3764/10 Negro Texturado, LED GU10 8W, CL.I, Orientable;A01071;854;32;69;PT;ACB;FALSO;PT;A01071;;;;0,000833;0,295;0;0;A01 09 2 (;"


";863;
ACB62109;Bombilla 62109 LED GU10 8W 120º 3000K 900lm CRI80;A01080;321;31;79;PT;ACB;FALSO;PT;A01080;;;;0,000157;0,61;0;0;;;342;
E4018070NSD;Short Empotrable Ø70mm Negro Texturado, LED COB 5W 590lm, CRI90 CL.II IP40, 3000K-4000K Slide Switch, Sin Driver;A01080;148;3;7;PT;OTROS;FALSO;PT;A01080;;;;0;0,001;0;0;;;148;
E3874080B;Gina Empotrable 3874 Blanco texturado, LED GU10 8W, CL.II, Orientable;A01081;1115;29;81;PT;ACB;FALSO;PT;A01081;;;;0,003675;0,385;0;0;A02 19 2 (;"A01 08 3 (216).              A01 15 3 (216)       
A02 05 3 (240)

pendiente de revisar
B04 01 2(264)


 



";1248;
P37920B;Soul Plafón 3792/8 Blanco Texturado, LED GU10 8W, CL.I;A01090;1164;36;76;PT;ACB;FALSO;PT;A01090;;;;0,0009;0,3;0;0;A01 09 3 (;;1196;
A3925000N;Atria Aplique 16/3925 Negro Texturado, LED 3W 3000K 285lm, CRI90 CL.I, LED integrado, Con interruptor, Orientable;A01091;166;20;49;PT;ACB;FALSO;PT;A01091;;;;0,0013;0,44;0;0;;;174;
P3467181B;Vanduo Plafón 3467/8 Blanco texturado, LED GU10 8W, CL.II IP65;A01100;753;31;76;PT;ACB;FALSO;PT;A01100;;;;0,000729;0,41;0;0;A02 11 2 (;;763;
K1002142N;Easy Link Empalme Negro;A01101;326;16;56;PT;ACB;FALSO;PT;A01101;;;;0,0004;0,15;0;0;;;364;
P2083071B;Nexus Plafón 2083/15 Blanco Texturado, LED 10W 630lm, CRI90 CL.I IP65, 2700K-3000K Slide Switch;A01101;89;1;1;PT;ACB;FALSO;PT;A01101;;;;0,00186;0,9;0;0;;;89;
A38741B;Gina Aplique 16/3874 Blanco texturado, LED GU10 8W, CL.II, Con interruptor, Orientable;A01110;207;23;69;PT;OTROS;FALSO;PT;A01110;A3874082B;;287;0,00246;0,36;0;0;;"


";234;
81CON3912N;Kit Base Negro Texturado, LED E27 15W, CL.I;A01111;353;21;41;PT;ACB;FALSO;COMP;A01111;;;;0,000729;0,22;0;0;;;374;
K2006090O;Totem Módulo Led H1 Ø35x429,5mm Opal, LED 7W 2700K, CL.II;A01111;67;9;10;PT;OTROS;FALSO;PT;A01111;;;;0;0;0;0;;;86;
5FIN4116B;Tapa Final Carril Trifásico Policarbonato Blanco;A01120;263;21;71;PT;ACB;FALSO;COMP;A01120;;;;0,000036;0,02;0;0;;;267;
T3874080N;Gina Track light 3874 Negro Texturado, LED GU10 8W, CL.II, Orientable;A01120;529;3;7;PT;ACB;FALSO;PT;A01120;;;;0,000981;0,205;0;0;A01 13 2 (;;529;
E3771002BSD;Kidal Empotrable Ø83mm Blanco Texturado, LED COB 7W 3000K 830lm, CRI90 CL.II IP44/IP20, Sin Driver;A01121;1112;28;62;PT;OTROS;FALSO;PT;A01121;;;;0,001509;0,225;0;0;A06 37 2 (;"

";1120;
6CON411601DN;CONECTOR PARA CARRIL TRIFÁSICO NEGRO DERECHA;A01130;161;19;51;PT;ACB;FALSO;COMP;A01130;;;;0,000104;0,05;0;0;;;164;
T3874080B;Gina Track light 3874 Blanco Texturado, LED GU10 8W, CL.II, Orientable;A01130;335;5;8;PT;ACB;FALSO;PT;A01130;;;;0,000981;0,205;0;0;;;339;
5PANT0014B;Pantalla 0014 D200xD160xH150 mm Blanco;A01131;16;22;51;PT;ACB;FALSO;COMP;A01131;A8202080N;;0;0,009522;0,358;0;0;;"A02 22 3 (135)


       
";91;
P37920N;Soul Plafón 3792/8 Negro Texturado, LED GU10 8W, CL.I;A01140;628;17;44;PT;ACB;FALSO;PT;A01140;;;;0,0009;0,31;0;0;A01 12 2 (;;644;
ACB62426;Bombilla 62426 LED GU10 7W 60º 3000K 700lm CRI80;A01141;347;23;66;PT;ACB;FALSO;PT;A01141;;;;0,000211;0,05;0;0;;;368;
K1012040NSD;Loop Kit Base Empotrable Ø90 mm Negro Texturado, Sin Driver;A01141;85;;1;PT;OTROS;FALSO;PT;A01141;;;;0;0;20;0;;;105;
A3966170N;Combo Aplique 16/3966-30 Negro Texturado, LED 11W 760lm, CRI90 CL.I IP65, LED integrado, 2700K-3000K Slide Switch;A01150;225;23;35;PT;ACB;FALSO;PT;A01150;;;;0,006045;1,825;0;0;;A05 09 3 (105)            A01 14 3 (102);232;
P3874R40B;Gina Plafón 3874/R4 Blanco Texturado, LED GU10 4x8W, CL.I, Orientable;A01151;138;23;65;PT;ACB;FALSO;PT;A01151;;;;0,006;1,45;0;0;A01 21 2 (;;140;
P3874R30N;Gina Plafón 3874/R3 Negro Texturado, LED GU10 3x8W, CL.I, Orientable;A01160;147;19;52;PT;ACB;FALSO;PT;A01160;;;;0,0045;1,105;0;0;;;148;
K0017040O;Glowi Bisel Oro Técnico;A01161;190;1;6;PT;OTROS;FALSO;PT;A01161;;;;0,001512;0,275;0;0;A02 18 2 (;;190;
P3467181N;Vanduo Plafón 3467/8 Negro Texturado, LED GU10 8W, CL.II IP65;A01161;495;17;45;PT;ACB;FALSO;PT;A01161;;;;0,0007;0,41;0;0;A02 12 2 (;;520;
K1002640N;Zoom Kit Colgante 3764 Negro Texturado, CL.I, Sin iluminación;A01170;770;23;46;PT;ACB;FALSO;PT;A01170;P3764380N;A05100;675;0,000975;0,335;0;0;A01 16 2 (;;787;
C3945000N;Corvus Colgante 3945 Negro Texturado, LED 7.5W 3000K 675lm, CRI90 CL.I, LED integrado;A01171;0;;15;PT;OTROS;FALSO;PT;A01171;C3945002N;A01341;-137;0,005168;0,6;0;0;;;56;
K2006190O;Totem Módulo Led H2 Ø35x615,5mm Opal, LED 8,5W 2700K, CL.II;A01171;69;8;9;PT;OTROS;FALSO;PT;A01171;;;;0;0;0;0;;;85;
A3089372B;Icon Aplique 16/3089-36 Blanco Texturado, LED 21W 2200lm, CRI90 CL.II, LED integrado, 2700K-3000K-4000K Slide Switch;A01180;-192;16;56;PT;ACB;FALSO;PT;A01180;;;;0,0043;1,36;16;0;;;47;
86PLE0001;Easy Link Sistema de Conexión (3 polos) ON OFF;A01181;238;16;40;PT;ACB;FALSO;COMP;A01181;;;;0,000273;0,05;0;0;;;238;
P35541NS;Hera Empotrable 3554/8 Niquel Satinado, LED GU10 8W, CL.II IP54/IP20;A01181;161;;2;PT;ACB;FALSO;PT;A01181;P35541B;A04281;209;0,00065;0,215;0;0;;;161;
A3568002N;Manat Aplique 16/3568 Negro Texturado, LED 5W 3000K 415lm + 3W 3000K 285lm, CRI90 CL.I, Dos interruptores, Con USB, USB-C, Orientable;A01190;569;16;38;PT;ACB;FALSO;PT;A01190;;;;0,0033;1,07;0;0;A01 26 3 (;A02 01 3 (300);571;
A3089472OT;Icon Aplique 16/3089-50 Oro Técnico, LED 32W 3162lm, CRI90 CL.II, LED integrado, 2700K-3000K-4000K Slide Switch;A01191;6;1;1;PT;ACB;FALSO;PT;A01191;;;;0,006213;1,905;0;0;;;6;
K1002240N;Easy Link Perfil 600mm Negro;A01191;280;21;63;PT;ACB;FALSO;PT;A01191;;;;0,000549;0,15;4;0;;;322;
K1007040B;Boheme 16/3826 Kit Aplique Blanco Texturado, CL.I, Sin iluminación;A01192;197;2;2;PT;OTROS;FALSO;PT;A01192;E382620B;A04020;154;0,000666;0,205;0;0;;;197;
K1007040N;Boheme 16/3826 Kit Aplique Negro Texturado, CL.I, Sin iluminación;A01192;297;;2;PT;OTROS;FALSO;PT;A01192;E382620N;A04031;132;0,000666;0,205;0;0;;;297;
A3568002B;Manat Aplique 16/3568 Blanco Texturado, LED 5W 3000K 415lm + 3W 3000K 285lm, CRI90 CL.I, Dos interruptores, Con USB, USB-C, Orientable;A01200;1076;13;46;PT;ACB;FALSO;PT;A01200;;;;0,003366;1,07;0;0;A02 20 3 (;"A02 15 3 (300)          
A01 24 2 (20)


";1076;
P37640N;Zoom Plafón 3764/10 Negro Texturado, LED GU10 8W, CL.I;A01201;809;31;62;PT;ACB;FALSO;PT;A01201;;;;0,000523;0,185;0;0;;;911;
A38741N;Gina Aplique 16/3874 Negro Texturado, LED GU10 8W, CL.II, Con interruptor, Orientable;A01210;421;17;52;PT;OTROS;FALSO;PT;A01210;A3874082N;;411;0,00246;0,35;0;0;;"A01 04 3 (240)  


";424;
6CON411601DB;CONECTOR PARA CARRIL TRIFÁSICO BLANCO  DERECHA;A01211;183;13;43;PT;ACB;FALSO;COMP;A01211;;;;0,000104;0,05;0;0;;;183;
A3925100BR;Atria MINI Aplique 16/3925 Bronce, LED 3W 3000K 285lm, CRI90 CL.I, LED integrado, Con interruptor, Orientable;A01211;73;3;4;PT;ACB;FALSO;PT;A01211;;;;0,000578;0,265;0;0;;;74;
A2062071GR;Nashira Aplique 16/2062 Antracita Texturado, LED 2.2W 299lm, CRI80 CL.I IP65, 2200K-2700K-3200K-4000K Slide Switch;A01220;421;3;7;PT;ACB;FALSO;PT;A01220;;;;0,000727;0,37;0;0;;;424;
P3874R20N;Gina Plafón 3874/R2 Negro Texturado, LED GU10 2x8W, CL.I, Orientable;A01221;267;15;52;PT;ACB;FALSO;PT;A01221;;;;0,002394;0,705;0;0;A02 17 2(4;;272;
P3987070B;Tech Plafón 3987/10 Blanco Texturado, LED 9W 1380lm, CRI90 CL.I IP44, LED integrado, 3000K-4000K Slide Switch, Difusor Microprismático;A01230;686;22;49;PT;ACB;FALSO;PT;A01230;;;;0,001039;0,44;1;0;A01 24 2 (;;698;
A2095170B;Nexo Aplique Ø60x130mm Blanco Texturado, LED 2x4W 865lm, CRI90 CL.I IP65, 2700K-3000K Slide Switch;A01231;195;3;3;PT;ACB;FALSO;PT;A01231;;;;0;0,001;0;0;;;195;
P36771B;Nork Empotrable 3677/9 Blanco Texturado, LED GU10 8W, CL.II IP64/IP20;A01231;1452;12;35;PT;ACB;FALSO;PT;A01231;;;;0,000907;0,23;0;0;A03 07 2 (;A02 24 2 (60);1476;
A3966070N;Combo Aplique 16/3966-20 Negro Texturado, LED 10W 640lm, CRI90 CL.I IP65, LED integrado, 2700K-3000K Slide Switch;A01240;374;26;44;PT;ACB;FALSO;PT;A01240;;;;0,002;0,76;0;0;A01 21 2 (;;379;
K1017070N;Kit Base Negro Texturado, LED 2x5,5W 1060lm, CRI90 CL.I IP65, 2700K-3000K Slide Switch;A01241;1782;22;36;PT;OTROS;FALSO;PT;A01241;;;;0,000924;0,475;0;0;A02 26 3 (;A01 29 3 (912);1782;
E37640N;Zoom Empotrable 3764/9 Negro Texturado, LED GU10 8W, CL.II, Orientable;A01250;664;14;35;PT;ACB;FALSO;PT;A01250;;;;0,000981;0,25;0;0;A05 06 2 (;"
";690;
A2062071B;Nashira Aplique 16/2062 Blanco Texturado, LED 2.2W 299lm, CRI80 CL.I IP65, 2200K-2700K-3200K-4000K Slide Switch;A01251;387;1;3;PT;ACB;FALSO;PT;A01251;;;;0,000727;0,37;0;0;;;387;
K2006290O;Totem Módulo Led H3 Ø35x810mm Opal, LED 11,5W 2700K, CL.II;A01251;67;10;12;PT;OTROS;FALSO;PT;A01251;;;;0;0;0;0;;;82;
E3874080N;Gina Empotrable 3874 Negro Texturado, LED GU10 8W, CL.II, Orientable;A01260;566;21;44;PT;ACB;FALSO;PT;A01260;;;;0,003675;0,385;0;0;A01 24 3 (;         A01 34 3 (240);576;
K1002241N;Easy Link Perfil 1000mm Negro;A01261;277;19;41;PT;ACB;FALSO;PT;A01261;;;;0,0009;0,24;0;0;;;310;
A3966070B;Combo Aplique 16/3966-20 Blanco Texturado, LED 10W 640lm, CRI90 CL.I IP65, LED integrado, 2700K-3000K Slide Switch;A01270;108;14;36;PT;ACB;FALSO;PT;A01270;;;;0,002;0,76;8;0;;;133;
A3089272B;Icon Aplique 16/3089-20 Blanco Texturado, LED 10.5W 1100lm, CRI90 CL.II, LED integrado, 2700K-3000K-4000K Slide Switch;A01271;107;40;76;PT;ACB;FALSO;PT;A01271;;;;0,002451;0,855;20;0;;"
";129;
A2091080GR;Artic Aplique 16/2091-1 Antracita Texturado, LED GU10 8W, CL.I IP65;A01280;92;4;4;PT;ACB;FALSO;PT;A01280;;;;0,001173;0,64;0;0;;;92;
K1002242N;Easy Link Perfil 300mm Negro;A01280;202;10;37;PT;ACB;FALSO;PT;A01280;;;;0,000281;0,07;0;0;;;229;
A2094070N;Oxen Aplique 100x60mm Negro Texturado, LED 4W 515lm, CRI90 CL.I IP65, 2700K-3000K Slide Switch;A01281;97;1;1;PT;ACB;FALSO;PT;A01281;;;;0;0;0;0;;;97;
E377110B;Kidal Empotrable 3771/10 Blanco texturado, LED COB 13W 3000K 1260lm, CRI90 CL.II IP44/IP20, LED integrado;A01281;22;2;19;PT;OTROS;FALSO;PT;A01281;E3771102BSD;A05181;337;0,001509;0,29;0;0;;;22;
E3771200BDP;Kidal Empotrable 3771/6 Blanco texturado, LED COB 5W 3000K 540lm, CRI90 CL.II IP44/IP20, LED integrado, Dim. DALI/Push, ON-DEMAND **;A01282;45;;;PT;OTROS;FALSO;PT;A01282;E3771202BSD;A05121;251;0,000747;0,19;0;0;;;45;
P3731001B;Spectra Plafón 3731/12 Blanco Texturado, LED 7W 3000K 770lm, CRI90 CL.I IP65;A01290;158;4;11;PT;ACB;FALSO;PT;A01290;;;;0,0045;1,07;14;0;A02 23 3 (;"

";172;
A2095170N;Nexo Aplique Ø60x130mm Negro Texturado, LED 2x4W 865lm, CRI90 CL.I IP65, 2700K-3000K Slide Switch;A01291;186;3;3;PT;ACB;FALSO;PT;A01291;;;;0;0,001;0;0;;;186;
A3972070B;Brick Aplique 16/3972-20 Blanco Texturado, LED 20W 2200lm, CRI90 CL.I, LED integrado, 2700K-3000K Slide Switch, Difusor Microprismático;A01291;6;3;22;PT;OTROS;FALSO;PT;A01291;A3972072B;A04181;92;0,002915;1,27;0;0;;;7;
A3874180B;Gina Aplique 16/3874 Blanco Texturado, LED GU10 8W, CL.I, Con interruptor regulable;A01300;232;6;7;PT;ACB;FALSO;PT;A01300;;;;0,00175;0,555;0;0;;;232;
A4009080CR;Luma Aplique 16/4009 Crudo, LED E27 15W, CL.I;A01301;113;8;12;PT;ACB;FALSO;PT;A01301;;;;0;1;0;0;;;117;
A37640B;Zoom Aplique 16/3764-18 Blanco Texturado, LED GU10 2x8W, CL.I;A01310;160;12;19;PT;ACB;FALSO;PT;A01310;;;;0,001022;0,35;0;0;;;166;
E2063001GR;Orion Empotrable 2063/6 Antracita Texturado, LED 3W 3000K 60lm, CRI90 CL.II IP65;A01310;83;;;PT;ACB;FALSO;PT;A01310;;;;0,0006;0,4;0;0;;;100;
E3771200B;Kidal Empotrable 3771/6 Blanco texturado, LED COB 5W 3000K 540lm, CRI90 CL.II IP44/IP20, LED integrado;A01311;607;6;18;PT;OTROS;FALSO;PT;A01311;E3771202BSD;A05121;251;0,0007;0,19;0;0;;"
";607;
A37640N;Zoom Aplique 16/3764-18 Negro Texturado, LED GU10 2x8W, CL.I;A01320;415;11;27;PT;ACB;FALSO;PT;A01320;;;;0,001022;0,35;0;0;;;421;
A3660001B;Panau Aplique 16/3660 Blanco texturado, LED 6W 3000K 540lm + 3W 3000K 285lm, CRI90 CL.I, LED integrado, Dos interruptores, Orientable;A01321;121;13;37;PT;ACB;FALSO;PT;A01321;;;;0,002432;0,7;0;0;;;125;
P2082171GR;Kuma Plafón 2082/25 Antracita Texturado, LED 14W 1060lm, CRI90 CL.I IP65, 2700K-3000K Slide Switch;A01321;85;5;5;PT;ACB;FALSO;PT;A01321;;;;0,005167;1,75;0;0;A01 31 2 (;;85;
E3771310N;Kidal Empotrable 3771/13 Negro Texturado, LED COB 20W 4000K 1988lm, CRI90 CL.II IP44/IP20, LED integrado;A01322;98;;1;PT;OTROS;FALSO;PT;A01322;E3771312NSD;;91;0,002544;0,59;0;0;;;98;
A3966170B;Combo Aplique 16/3966-30 Blanco Texturado, LED 11W 760lm, CRI90 CL.I IP65, LED integrado, 2700K-3000K Slide Switch;A01330;120;7;26;PT;ACB;FALSO;PT;A01330;;;;0,006045;1,825;3;0;A02 31 2 (;" A06 18 1 (114)


";126;
E3947080B;Musca Empotrable 3947/11 Blanco texturado, LED GU10 8W, CL.II;A01331;622;18;45;PT;ACB;FALSO;PT;A01331;;;;0,001;0,38;0;0;A02 30 3 (;;646;
A3453670OT;Isia Aplique 16/3453-60 Oro Tecnico, LED 2x22W 4875lm, CRI90 CL.I, LED integrado, 3000K-4000K Slide Switch;A01332;69;;2;PT;ACB;FALSO;PT;A01332;;;;0,023026;6,375;0;0;;"A04 12 2  (42 )
";69;
E3947180B;Musca Empotrable 3947/21 Blanco texturado, LED GU10 2x8W, CL.II;A01340;393;5;20;PT;ACB;FALSO;PT;A01340;;;;0,001978;0,78;0;0;A01 33 3;;393;
P3987070NDT;Tech Plafón 3987/10 Negro Texturado, LED 9W 1380lm, CRI90 CL.I IP44, LED integrado, 3000K-4000K Slide Switch, Dim. Triac, Difusor Microprismático, ON-DEMAND **;A01340;51;;2;PT;ACB;FALSO;PT;A01340;P3987070N;A02181;472;0,000924;0,44;0;0;;;51;
A3239101N;Cio Aplique 16/3239 Negro Texturado, LED 3W 3000K 285lm, CRI90 CL.I, LED integrado, Con interruptor, Orientable;A01341;188;14;34;PT;ACB;FALSO;PT;A01341;;;;0,002308;0,535;0;0;;"
";190;
C3945002N;Corvus Colgante Ø120mm Negro Texturado, LED 7.5W 3000K 735lm, CRI90 CL.I;A01341;-137;12;12;PT;ACB;FALSO;PT;A01341;;;;0,0051;0,6;0;0;;;208;
A3972170B;Brick Aplique 16/3972-38 Blanco Texturado, LED 38W 4340lm, CRI90 CL.I, LED integrado, 2700K-3000K Slide Switch, Difusor Microprismático;A01350;48;4;25;PT;OTROS;FALSO;PT;A01350;A3972172B;A03310;133;0,004998;2,07;0;0;;"

";47;
A3089572N;Icon Aplique 16/3089-70 Negro Texturado, LED 46W 4543lm, CRI90 CL.II, LED integrado, 2700K-3000K-4000K Slide Switch;A01351;101;1;3;PT;ACB;FALSO;PT;A01351;;;;0,0082;2,29;0;0;A06 10 1 (;;101;
A3991171C;Sara Aplique 900mm Opal/Cromo, LED 22W 2050lm, CRI90 CL.II IP44, 2700K-3000K-4000K Slide Switch;A01351;81;8;15;PT;ACB;FALSO;PT;A01351;;;;0,009384;1,57;0;0;A01 35 3;;82;
A3089172B;Icon Aplique 16/3089-10 Blanco Texturado, LED 8.5W 890lm, CRI90 CL.II, LED integrado, 2700K-3000K-4000K Slide Switch;A02010;154;20;34;PT;ACB;FALSO;PT;A02010;;;;0,0016;0,6;0;0;A01 04 2 (;"


";482;
K1002043N;Pipe Kit Colgante Ø60mm Negro Texturado, CL.I, Sin iluminación;A02011;233;28;54;PT;ACB;FALSO;PT;A02011;;;;0,001124;0,35;0;0;A01 01 2 (;;326;
A3945002N;Corvus Aplique Negro Texturado, LED 7.5W 3000K 675lm, CRI90 CL.I IP54;A02020;223;12;30;PT;ACB;FALSO;PT;A02020;;;;0,0017;0,75;0;0;;;223;
P3986000N;Pipe Plafón 3986/60 Ø60x130mm Negro Texturado, LED COB 12W 3000K 1430lm, CRI90 CL.I, LED integrado;A02021;2;22;35;PT;ACB;FALSO;PT;A02021;;;;0,000591;0,365;32;0;;;201;
A3189273B;Gala Aplique 16/3189-90 Blanco Texturado, LED 43W 5190lm, CRI90 CL.I, LED integrado, 2700K-3000K-4000K Slide Switch;A02022;17;3;3;PT;ACB;FALSO;PT;A02022;;;;0,011985;2,645;0;0;;;17;
P3987170B;Tech Plafón 3987/15 Blanco Texturado, LED 18W 2370lm, CRI90 CL.I IP44, LED integrado, 3000K-4000K Slide Switch, Difusor Microprismático;A02030;117;15;36;PT;ACB;FALSO;PT;A02030;;;;0,002356;0,81;0;0;;;127;
K1017070B;Kit Base Blanco Texturado, LED 2x5,5W 1060lm, CRI90 CL.I IP65, 2700K-3000K Slide Switch;A02031;899;3;11;PT;OTROS;FALSO;PT;A02031;;;;0,000924;0,475;0;0;A01 07 3 (;;899;
P2091080B;Artic Plafón 2091/10 Blanco Texturado, LED GU10 8W, CL.I IP65;A02031;216;;;PT;ACB;FALSO;PT;A02031;;;;0,0011;0,575;0;0;A01 01 2 (;;216;
A3089272N;Icon Aplique 16/3089-20 Negro Texturado, LED 10.5W 1100lm, CRI90 CL.II, LED integrado, 2700K-3000K-4000K Slide Switch;A02040;-22;9;38;PT;ACB;FALSO;PT;A02040;;;;0,002451;0,855;0;0;;"
";8;
A33861B;Alba Aplique 16/3386-30 Blanco, LED E14 9W, CL.I;A02041;234;14;31;PT;ACB;FALSO;PT;A02041;;;;0,006825;1,25;0;0;A02 04 2 (;"A02 06 2 (108) 








";237;
P3987170BDP;Tech Plafón 3987/15 Blanco Texturado, LED 18W 2370lm, CRI90 CL.I IP44, LED integrado, 3000K-4000K Slide Switch, Dim. DALI/Push, Difusor Microprismático, ON-DEMAND **;A02041;59;3;4;PT;ACB;FALSO;PT;A02041;P3987170B;A02030;117;0,002108;0,81;0;0;;;171;
S81521N;Laysan Sobremesa 8152 Antracita, LED 10W 6500K 650lm, CRI90 CL.II, LED integrado, Con interruptor, Regulable Kelvin, Regulable intensidad, Con USB;A02050;266;18;22;PT;ACB;FALSO;PT;A02050;;;;0,003638;1,02;0;0;A01 06 3 (;"
";274;
A2091180GR;Artic Aplique 16/2091-2 Antracita Texturado, LED GU10 2x8W, CL.I IP65;A02051;103;3;4;PT;ACB;FALSO;PT;A02051;;;;0,001661;0,885;0;0;;;103;
E3984170BSP;Move Empotrable 3984/8 Módulo Blanco Texturado, LED COB 12W 1134lm, CRI90 CL.II IP44/IP20, 2700K-3000K Slide Switch, Sin bisel;A02051;3;;6;PT;OTROS;FALSO;PT;A02051;E3984170BSPSD;;1393;0,000836;0,3;0;0;;;3;
K1012040B;Loop Kit Base Empotrable Ø90 mm Blanco Texturado, LED 100W, CL.II;A02051;18;;1;PT;ACB;FALSO;PT;A02051;;;;0,005616;0,57;0;0;;;18;
A2091080B;Artic Aplique 16/2091-1 Blanco Texturado, LED GU10 8W, CL.I IP65;A02060;105;;1;PT;ACB;FALSO;PT;A02060;;;;0,001173;0,64;0;0;;;107;
A356111C;Dustin Aplique 16/3561-50 Cromo, LED 10W 4000K 840lm, CRI90 CL.II IP44, LED integrado, 3 fijaciones;A02060;94;14;35;PT;ACB;FALSO;PT;A02060;;;;0,0019;0,32;0;0;;;94;
81CON3453N;Isia Kit Colgante CONJ.COL.3453 NGRO 1.5M  Negro texturado, CL.I;A02061;188;3;9;PT;OTROS;FALSO;COMP;A02061;81CON34531N;A03221;64;0,001296;0,42;1;0;A01 32 3 (;"




";239;
P2091080GR;Artic Plafón 2091/10 Antracita Texturado, LED GU10 8W, CL.I IP65;A02061;164;1;2;PT;ACB;FALSO;PT;A02061;;;;0,0011;0,575;0;0;A01 01 2 (;;164;
A3966170O;Combo Aplique 16/3966-30 Oro Tecnico, LED 11W 760lm, CRI90 CL.I IP65, LED integrado, 2700K-3000K Slide Switch;A02070;113;10;18;PT;ACB;FALSO;PT;A02070;;;;0,006045;1,825;0;0;A02 06 3 (;"
";114;
F3986000N;Pipe Foco 3986 Negro Texturado, LED COB 12W 3000K 1430lm, CRI90 CL.I, LED integrado, Orientable;A02071;150;8;26;PT;ACB;FALSO;PT;A02071;;;;0,0008;0,45;0;0;;;150;
K1012040N;Loop Kit Base Empotrable Ø90 mm Negro Texturado, LED 100W, CL.II;A02071;6;;5;PT;ACB;FALSO;PT;A02071;;;;0,005616;0,57;0;0;;;8;
81CON3453B;Isia Kit Colgante CONJ.COL.3453 BCO 1.5M Blanco, CL.I;A02080;128;7;21;PT;OTROS;FALSO;COMP;A02080;81CON34531B;A06383;362;0,001296;0,42;6;0;;;136;
A2094070B;Oxen Aplique 100x60mm Blanco Texturado, LED 4W 515lm, CRI90 CL.I IP65, 2700K-3000K Slide Switch;A02081;97;1;2;PT;ACB;FALSO;PT;A02081;;;;0;0;0;0;;;97;
ACB62591;Bombilla 62591 LED G9 4W 360º 2700K 400lm CRI80;A02081;80;1;3;PT;ACB;FALSO;PT;A02081;;;;0,000024;0,15;0;0;;;80;
P35571B;Winka Empotrable 3557/8 Blanco Texturado, LED GU10 8W, CL.II;A02081;931;5;19;PT;ACB;FALSO;PT;A02081;;;;0,0007;0,15;0;0;A02 04 3 (;;1056;
6TRACK001B;CARRIL ELECTRIFICADO TRIFÁSICO BLANCO  1000mm;A02090;158;11;36;PT;ACB;FALSO;COMP;A02090;;;;0,001152;0,84;0;0;;;160;
E4023070BSD;Tilt Empotrable Ø60mm Blanco Texturado, LED COB 4W 380lm, CRI90 CL.II IP40/IP20, 2700K-3000K Slide Switch, Sin Driver;A02090;245;3;4;PT;OTROS;FALSO;PT;A02090;;;;0;0;0;0;;;246;
K0018140O;Kowa Bisel 250 mm Oro Técnico;A02091;92;1;1;PT;OTROS;FALSO;PT;A02091;;;;0,004368;0,725;0;0;A01 15 2 (;;99;
K1020070N;Kit Base Negro Texturado, LED 4x5.5W 2120lm, CRI90 CL.I IP65, 2700K-3000K Slide Switch;A02091;303;5;7;PT;OTROS;FALSO;PT;A02091;;;;0,00198;0,925;0;0;A01 12 3 (;;303;
A3966270N;Combo Aplique 16/3966-45 Negro Texturado, LED 15W 1140lm, CRI90 CL.I IP65, LED integrado, 2700K-3000K Slide Switch;A02100;118;12;23;PT;ACB;FALSO;PT;A02100;;;;0,0124;3,25;0;0;A02 02 3 (;"  A06 37 1 (50 



";124;
A3592170C;Loira Aplique 16/3592 Cromo/Opal, LED 20W 1800lm, CRI90 CL.II IP44, LED integrado, Con interruptor, 3000K-4000K Slide Switch;A02101;197;9;28;PT;ACB;FALSO;PT;A02101;;;;0,00279;0,57;0;0;;;200;
K1012040BSD;Loop Kit Base Empotrable Ø90 mm Blanco Texturado, Sin Driver;A02101;105;;1;PT;OTROS;FALSO;PT;A02101;;;;0;0;0;0;;;105;
A203310N;Kowa Aplique 16/2033-14 Negro Texturado, LED COB 2x6W 3000K 850lm, CRI90 CL.I IP65;A02110;346;4;18;PT;OTROS;FALSO;PT;A02110;K0018040N;A04081;173;0,0019;0,71;0;0;A04 02 2 (;"
";346;
E2063001B;Orion Empotrable 2063/6 Blanco Texturado, LED 3W 3000K 60lm, CRI90 CL.II IP65;A02110;8;12;12;PT;ACB;FALSO;PT;A02110;;;;0,000646;0,34;0;0;;;14;
A2091180B;Artic Aplique 16/2091-2 Blanco Texturado, LED GU10 2x8W, CL.I IP65;A02111;120;;;PT;ACB;FALSO;PT;A02111;;;;0,001661;0,885;0;0;;;120;
A3089372N;Icon Aplique 16/3089-36 Negro Texturado, LED 21W 2200lm, CRI90 CL.II, LED integrado, 2700K-3000K-4000K Slide Switch;A02111;-45;8;29;PT;ACB;FALSO;PT;A02111;;;;0,004389;1,365;0;0;;"
";0;
A3432170C;Aldo Aplique 16/3432-53 Opal/Cromo, LED 18W 1300lm, CRI90 CL.II IP44, LED integrado, 3000K-4000K Slide Switch;A02120;287;9;21;PT;ACB;FALSO;PT;A02120;;;;0,003969;0,78;0;0;A02 08 3 (;;290;
P2060000GR;Ania Plafón 2060 Antracita Texturado, LED 6W 3000K 495lm, CRI80 CL.I IP65;A02121;339;12;31;PT;ACB;FALSO;PT;A02121;;;;0,0016;0,54;0;0;A01 18 2 (;A01 15 2 (108);341;
P2083171B;Nexus Plafón 2083/23 Blanco Texturado, LED 14W 1060lm, CRI90 CL.I IP65, 2700K-3000K Slide Switch;A02121;200;;;PT;ACB;FALSO;PT;A02121;;;;0,00441;2;0;0;A01 11 2 (;;200;
E3240103N;Aron Empotrable 16/3240 Negro Texturado, LED 3W 3000K 285lm, CRI90 CL.I, LED integrado, Con interruptor, Orientable;A02122;82;5;7;PT;ACB;FALSO;PT;A02122;;;;0,001445;0,66;2;0;;;84;
E3925000N;Atria Empotrable 16/3925 Negro Texturado, LED 3W 3000K 285lm, CRI90 CL.I, LED integrado, Con interruptor, Orientable;A02130;-315;10;32;PT;ACB;FALSO;PT;A02130;;;;0,0013;0,42;0;0;;;75;
P2082171B;Kuma Plafón 2082/25 Blanco Texturado, LED 14W 1060lm, CRI90 CL.I IP65, 2700K-3000K Slide Switch;A02130;198;4;4;PT;ACB;FALSO;PT;A02130;;;;0,005167;1,75;0;0;A01 19 3 (;;198;
S3874080N;Gina Sobremesa 3874 Negro Texturado, LED GU10 8W, CL.II, Orientable;A02131;326;9;20;PT;ACB;FALSO;PT;A02131;;;;0,011825;2,025;0;0;A02 13 3 (;"A01 13 3 (100)           A01 03 3 (100)






";330;
A3189273N;Gala Aplique 16/3189-90 Negro Texturado, LED 43W 5190lm, CRI90 CL.I, LED integrado, 2700K-3000K-4000K Slide Switch;A02132;26;2;2;PT;ACB;FALSO;PT;A02132;;;;0,011985;2,645;0;0;;;26;
A32000C;Box Aplique 16/3200-60 Plata, LED 10.5W 3000K 800lm, CRI90 CL.II IP44, LED integrado;A02140;544;7;14;PT;ACB;FALSO;PT;A02140;;;;0,001769;0,535;0;0;A02 14 2 (;;545;
A203310B;Kowa Aplique 16/2033-14 Blanco texturado, LED COB 2x6W 3000K 850lm, CRI90 CL.I IP65;A02141;37;5;15;PT;OTROS;FALSO;PT;A02141;K0018040B;A04080;99;0,00198;0,71;0;0;;;37;
A2094170N;Oxen Aplique 130x60mm Negro Texturado, LED 2x4W 865lm, CRI90 CL.I IP65, 2700K-3000K Slide Switch;A02141;154;1;2;PT;ACB;FALSO;PT;A02141;;;;0;0,001;0;0;;;154;
A392510NM;Atria Aplique 16/3925 Níquel Mate, LED 3W 3000K 285lm, CRI90 CL.I, LED integrado, Con interruptor, Orientable;A02150;120;10;28;PT;ACB;FALSO;PT;A02150;;;;0,0013;0,45;0;0;;;120;
KDRV005;Kit Driver CC500mA/20W, CL.II;A02150;117;2;3;PT;OTROS;FALSO;PT;A02150;;;;0;0,001;0;0;;;167;
A3833171B;Fosca Aplique 16/3833-60 Blanco Texturado, LED 18W 1800lm, CRI90 CL.I, LED integrado, 2700K-3000K-4000K Slide Switch;A02151;41;13;30;PT;ACB;FALSO;PT;A02151;;;;0,004197;1,625;0;0;A04 16 3 (;;90;
P3435310N;Kore Plafón 3435/19 Negro Texturado, LED 18W 4000K 1450lm, CRI90 CL.II, LED integrado;A02151;18;;1;PT;OTROS;FALSO;PT;A02151;P343531B;A02201;150;0,001542;0,552;0;0;;;18;
A3992170C;Dune Aplique 900mm Opal/Cromo, LED 22W 2050lm, CRI90 CL.II IP44, 3000K-4000K Slide Switch;A02152;55;1;2;PT;ACB;FALSO;PT;A02152;;;;0,008835;1,71;0;0;;;55;
P35581B;Einar Empotrable 3558/8 Blanco Texturado, LED GU10 8W, CL.II;A02160;800;14;22;PT;ACB;FALSO;PT;A02160;;;;0,00072;0,155;0;0;A02 18 2 (;"
";800;
5CLA41162N;ABRAZADERA 40 mm UNION PARA CARRIL COLGANTE NEGRO;A02161;322;;3;PT;ACB;FALSO;COMP;A02161;;;;0;0,02;0;0;;;322;
C3818172N;Custo Colgante 3818/1 Negro Texturado/Opal, LED 5W 370lm, CRI90 CL.I, LED integrado, 2700K-3000K Slide Switch;A02161;207;12;27;PT;ACB;FALSO;PT;A02161;;;;0,004836;0,92;0;0;A02 16 2 (;;214;
A38140O;Robin Aplique 16/3814 Oro Tecnico, LED 21W 3000K 1625lm, CRI90 CL.I, LED integrado;A02170;114;10;28;PT;ACB;FALSO;PT;A02170;;;;0,004958;1,68;0;0;A02 17 2 (;;115;
A20442GR;Nori Aplique 16/2044-2 Antracita Texturado, LED E27 2x15W, CL.I IP65;A02171;62;1;10;PT;OTROS;FALSO;PT;A02171;A2044181GR;A04150;80;0,004657;1,69;0;0;;;62;
E3949000B;Dot Empotrable 3949/4 Blanco, LED 3W 3000K 245lm, CRI90 CL.II IP40/IP20;A02180;329;13;28;PT;ACB;FALSO;PT;A02180;;;;0,000784;0,155;2;0;;;362;
K1002041N;Easy Link Kit Colgante Negro Texturado, Sin iluminación, Sin instalación;A02181;-23;1;6;PT;ACB;FALSO;PT;A02181;;;;0,0003;0,09;48;0;;;65;
K4000141T;Pipe Pantalla Ø60mm Transparente/Arenado;A02181;88;1;4;PT;ACB;FALSO;PT;A02181;;;;0,00063;0,21;0;0;;;88;
P3987070N;Tech Plafón 3987/10 Negro Texturado, LED 9W 1380lm, CRI90 CL.I IP44, LED integrado, 3000K-4000K Slide Switch, Difusor Microprismático;A02181;472;16;46;PT;ACB;FALSO;PT;A02181;;;;0,001;0,44;0;0;A04 13 2 (;"A02 16 2 (90)
";483;
A3240102N;Aron Aplique 16/3240 Negro Texturado, LED 3W 3000K 285lm, CRI90 CL.I, LED integrado, Con interruptor, Orientable;A02190;370;15;21;PT;ACB;FALSO;PT;A02190;;;;0,001445;0,685;0;0;;;370;
K1001241B;Invisible Kit Colgante 3980 Tapa final Blanco Texturado, Sin iluminación, Sin instalación;A02191;98;4;8;PT;ACB;FALSO;PT;A02191;;;;0,000468;0,14;0;0;;;99;
K1001340B;Invisible Kit Colgante 3980 Conector Blanco Texturado, CL.I, Sin iluminación;A02191;84;4;8;PT;ACB;FALSO;PT;A02191;;;;0,001509;0,48;0;0;A09 36 1 (;;85;
A30711OP;Dina Aplique 16/3071 Opal, LED E27 15W, CL.I;A02200;261;9;29;PT;ACB;FALSO;PT;A02200;;;;0,0105;0,87;0;0;A01 17 3 (;"A01 25 2 (6)     A02 29 3 (60) 
A01 18 3 (76)
";268;
C3945002B;Corvus Colgante Ø120mm Blanco Texturado, LED 7.5W 3000K 735lm, CRI90 CL.I;A02200;94;1;2;PT;ACB;FALSO;PT;A02200;;;;0,005168;0,6;0;0;A02 31 2 (;;94;
A2094170B;Oxen Aplique 130x60mm Blanco Texturado, LED 2x4W 865lm, CRI90 CL.I IP65, 2700K-3000K Slide Switch;A02201;156;;;PT;ACB;FALSO;PT;A02201;;;;0;0;0;0;;;156;
P343531B;Kore Plafón 3435/19 Blanco, LED 18W 4000K 1450lm, CRI90 CL.II, LED integrado;A02201;150;;8;PT;OTROS;FALSO;PT;A02201;;;;0,001578;0,55;0;0;;;150;
C3818172O;Custo Colgante 3818/1 Oro Tecnico/Opal, LED 5W 370lm, CRI90 CL.I, LED integrado, 2700K-3000K Slide Switch;A02210;142;7;15;PT;ACB;FALSO;PT;A02210;;;;0,004836;0,92;0;0;A02 16 2 (;"
";145;
C4029090NSP;Kit Colgante Ø150x35mm Negro Texturado, LED 10W 2700K 830lm, CRI90 CL.I, Sin tulipa;A02211;0;1;1;PT;OTROS;FALSO;PT;A02211;;;;0;0;0;0;;;98;
K0019040M;Kendo Bisel 100 mm Corten;A02211;52;2;2;PT;OTROS;FALSO;PT;A02211;;;;0,001331;0,27;0;0;;;52;
K0018240M;Kowa Bisel 400 mm Corten;A02220;52;;2;PT;OTROS;FALSO;PT;A02220;;;;0,006888;1,12;0;0;;;52;
K1002640B;Zoom Kit Colgante 3764 Blanco Texturado, CL.I, Sin iluminación;A02221;661;6;7;PT;ACB;FALSO;PT;A02221;P3764380B;A05090;462;0,000975;0,335;0;0;A02 22 2  ;;661;
K4011140FU;Eclipse Tulipa Ø150mm Cristal Tube Fumé;A02221;44;10;13;PT;OTROS;FALSO;PT;A02221;;;;0;0,001;0;0;A02 29 2 (;;48;
A202520N;Kansas Aplique Negro Texturado, LED 2x5,5W 3000K 800lm, CRI90 CL.I IP54;A02230;94;2;4;PT;ACB;FALSO;PT;A02230;;;;0,00144;1,02;0;0;;;94;
K0018140M;Kowa Bisel 250 mm Corten;A02230;54;1;2;PT;OTROS;FALSO;PT;A02230;;;;0,004368;0,725;0;0;;;54;
E3985070B;Safe Empotrable 3985/9 Blanco Texturado, LED COB 8W 657lm, CRI90 CL.II IP65/IP20, LED integrado, 3000K-4000K Slide Switch;A02231;238;1;17;PT;OTROS;FALSO;PT;A02231;E3985071BSD;;157;0,000759;0,37;0;0;;;238;
P3987270B;Tech Plafón 3987/20 Blanco Texturado, LED 25W 3200lm, CRI90 CL.I IP44, LED integrado, 3000K-4000K Slide Switch, Difusor Microprismático;A02240;160;3;18;PT;ACB;FALSO;PT;A02240;;;;0,0043;1,29;0;0;A01 30 3 (;;179;
1CAM370841N;Campana Jarvis 3708/30 Colgante Negro Texturado;A02241;311;4;12;PT;ACB;FALSO;COMP;A02241;;;;0,0136;1,38;0;0;A01 20 2 (;"A03 03 2 (100)   A01 29 2 (67) 
A04 03 3 (50)      A03 01 2 (33)

 


";312;
A201810GR;Cala Aplique 16/2018 Gris oscuro, LED 5.6W 3000K 610lm, CRI90 CL.I IP54, LED integrado, Sensor de movimiento, Orientable;A02241;67;10;22;PT;ACB;FALSO;PT;A02241;;;;0,001443;0,69;0;0;;;68;
A3966270O;Combo Aplique 16/3966-45 Oro Tecnico, LED 15W 1140lm, CRI90 CL.I IP65, LED integrado, 2700K-3000K Slide Switch;A02250;94;5;9;PT;ACB;FALSO;PT;A02250;;;;0,0124;3,25;0;0;A01 22 3 (;"A01 28 2  (5)

";103;
A2089180GR;Gaia Aplique 16/2089-2 Antracita Texturado, LED GU10 2x8W, CL.I IP65;A02251;64;2;4;PT;ACB;FALSO;PT;A02251;;;;0,00304;0,92;0;0;;;66;
K4011040FU;Pixel Tulipa Ø150mm Cristal Fumé;A02251;28;6;10;PT;OTROS;FALSO;PT;A02251;;;;0;0;0;0;;;37;
A3432070C;Aldo Aplique 16/3432-35 Opal/Cromo, LED 11W 775lm, CRI90 CL.II IP44, LED integrado, 3000K-4000K Slide Switch;A02260;-119;14;32;PT;ACB;FALSO;PT;A02260;;;;0,0027;0,57;0;0;;;67;
E3985170B;Safe Empotrable 3985/11 Blanco Texturado, LED COB 13W 1224lm, CRI90 CL.II IP65, LED integrado, 3000K-4000K Slide Switch;A02260;156;2;14;PT;OTROS;FALSO;PT;A02260;E3985171BSD;A05121;105;0,001265;0,48;0;0;;;156;
6CON411603DN;UNION L PARA CARRIL TRIFÁSICO NEGRO DERECHA ELECTRIFICADO;A02261;68;2;6;PT;ACB;FALSO;COMP;A02261;;;;0;0,11;0;0;;;68;
A3874180N;Gina Aplique 16/3874 Negro Texturado, LED GU10 8W, CL.I, Con interruptor regulable;A02261;290;3;4;PT;ACB;FALSO;PT;A02261;;;;0,00175;0,555;2;0;A02 20 2 (;;294;
6TRACK001N;CARRIL ELECTRIFICADO TRIFÁSICO NEGRO 1000mm;A02270;168;13;30;PT;ACB;FALSO;COMP;A02270;;;;0,001152;0,84;0;0;;;173;
A3561100C;Dustin Aplique 16/3561-50 Cromo, LED 10W 3000K 770lm, CRI90 CL.II IP44, LED integrado, 3 fijaciones;A02271;185;14;32;PT;ACB;FALSO;PT;A02271;;;;0,001911;0,37;0;0;A04 14 2 (;;194;
E37841B;Thriller Empotrable 16/3784-10 Blanco, LED 2W 3000K 165lm, CRI90 CL.II;A02280;220;5;18;PT;ACB;FALSO;PT;A02280;;;;0,003179;0,52;0;0;;;220;
A2089080GR;Gaia Aplique 16/2089 Antracita Texturado, LED GU10 8W, CL.I IP65;A02281;103;3;7;PT;ACB;FALSO;PT;A02281;;;;0,001192;0,475;0;0;;;104;
P3987170NDP;Tech Plafón 3987/15 Negro Texturado, LED 18W 2370lm, CRI90 CL.I IP44, LED integrado, 3000K-4000K Slide Switch, Dim. DALI/Push, Difusor Microprismático, ON-DEMAND **;A02281;87;2;2;PT;ACB;FALSO;PT;A02281;P3987170N;B06060;61;0,002108;0,81;0;0;;;87;
A3925000BR;Atria Aplique 16/3925 Bronce, LED 3W 3000K 285lm, CRI90 CL.I, LED integrado, Con interruptor, Orientable;A02290;148;11;25;PT;ACB;FALSO;PT;A02290;;;;0,0013;0,44;0;0;;;157;
P2081000GR;Hamal Plafón Antracita Texturado, LED COB 10W 3000K 860lm, CRI80 CL.I IP65;A02290;103;2;4;PT;ACB;FALSO;PT;A02290;;;;0,002551;1,34;0;0;;;103;
A20441GR;Nori Aplique 16/2044-1 Antracita Texturado, LED E27 15W, CL.I IP65;A02291;34;5;12;PT;OTROS;FALSO;PT;A02291;A2044081GR;A03191;155;0,003363;1,25;0;0;;"

";45;
A3836001N;Calma Aplique 16/3836 Negro Texturado, LED 6W 3000K 630lm + 3W 3000K 285lm, CRI90 CL.I, Dos interruptores, Con USB, USB-C, Orientable;A02300;434;7;19;PT;ACB;FALSO;PT;A02300;;;;0,0048;1,08;0;0;A02 28 2 (;"A02 32 3 (132)

";457;
P3986000B;Pipe Plafón 3986/60 Ø60x130mm Blanco Texturado, LED COB 12W 3000K 1430lm, CRI90 CL.I, LED integrado;A02301;280;9;12;PT;ACB;FALSO;PT;A02301;;;;0,000591;0,365;45;0;;;325;
P384310B;Mako Plafón 3843/9 Blanco texturado, LED COB 20W 3000K 1875lm, CRI90 CL.I, LED integrado, Orientable;A02310;172;7;15;PT;ACB;FALSO;PT;A02310;;;;0,001509;0,55;0;0;;"
";179;
C3986100N;Pipe SLIM Colgante 3986/32 Ø32x300mm Negro Texturado, LED COB 5W 3000K 605lm, CRI90 CL.I, LED integrado;A02311;171;24;41;PT;ACB;FALSO;PT;A02311;;;;0,002197;0,57;10;0;A02 29 2 (;;192;
E3925100BR;Atria MINI Empotrable 16/3925 Bronce, LED 3W 3000K 285lm, CRI90 CL.I, LED integrado, Con interruptor, Orientable;A02311;88;2;4;PT;ACB;FALSO;PT;A02311;;;;0,00088;0,245;0;0;;;88;
A3840070B;Luxur Aplique 16/3840-30 Blanco texturado, LED 20W 1200lm, CRI90 CL.I, LED integrado, 2700K-3000K Slide Switch;A02320;83;6;24;PT;ACB;FALSO;PT;A02320;;;;0,0041;1,24;4;0;A02 25 2(6;;91;
A3975101OSP;Chamaleon Aplique 16/3975-Ø60 Oro Viejo Mate, LED 10.5W 3000K 675lm, CRI90 CL.I IP54, LED integrado, Sin decoración;A02320;384;10;24;PT;ACB;FALSO;PT;A02320;;;;0,0041;0,86;0;0;A02 33 2 (;"A02 09 3 (120)            A04 09 2 (60)

";386;
A2084000GR;Liam Aplique 16/2084 Antracita Texturado, LED 10W 3000K 550lm, CRI90 CL.I IP65, LED integrado;A02321;228;11;21;PT;ACB;FALSO;PT;A02321;A2084070GR;;0;0,002277;0,83;0;0;A03 26 2 (;;231;
E3925101BR;Atria MINI SQUARE Empotrable 16/3925  Bronce, LED 3W 3000K 285lm, CRI90 CL.I, LED integrado, Con interruptor, Orientable;A02321;39;10;13;PT;ACB;FALSO;PT;A02321;;;;0,0008;0,25;0;0;;;39;
A3089572B;Icon Aplique 16/3089-70 Blanco Texturado, LED 46W 4543lm, CRI90 CL.II, LED integrado, 2700K-3000K-4000K Slide Switch;A02330;101;2;2;PT;ACB;FALSO;PT;A02330;;;;0,008208;2,295;0;0;A02 25 2 (;;101;
P3468181B;Branco Plafón 3468/8 Blanco texturado, LED GU10 8W, CL.II IP65;A02330;255;3;10;PT;ACB;FALSO;PT;A02330;;;;0,000729;0,705;0;0;;"
";255;
A2044181B;Nori Aplique 16/2044-2 Blanco Texturado, LED E27 2x15W, CL.I IP65;A02331;95;2;2;PT;ACB;FALSO;PT;A02331;;;;0,0044;1,43;0;0;A01 35 2 (;;95;
E3949090B;Dot Empotrable 3949/4 Blanco, LED 3W 2700K 245lm, CRI90 CL.II IP44/IP20;A02331;104;9;13;PT;ACB;FALSO;PT;A02331;;;;0,000784;0,155;0;0;;;104;
K0003340B;Chamaleon 16/3975 DECO Mármol Blanco, Sin iluminación;A02331;15;5;14;PT;ACB;FALSO;PT;A02331;;;;0,00068;0,55;0;0;;;15;
A385060C;Tavi Aplique 16/3850-60 Cromo, LED 18W 3000K 1500lm, CRI90 CL.II IP44, LED integrado;A03010;41;9;15;PT;OTROS;FALSO;PT;A03010;A3850070C;;130;0,003179;0,98;0;0;;;47;
P3845170B;Linus Plafón 3845/9 Blanco texturado, LED 6W 500lm, CRI90 CL.I, LED integrado, 2700K-3000K Slide Switch;A03010;2;2;4;PT;OTROS;FALSO;PT;A03010;;;;0,0006;0,27;0;0;;;2;
A2077001GR;Perseo Aplique Gris Cemento, LED 8W 3000K 567lm, CRI90 CL.I IP65;A03011;219;6;14;PT;ACB;FALSO;PT;A03011;;;;0,00741;1,9;0;0;A02 21 3 (;"


";219;
P2082100GR;Kuma Plafón 2082/25 Antracita Texturado, LED 14W 3000K 1060lm, CRI90 CL.I IP65, LED integrado;A03011;122;1;5;PT;OTROS;FALSO;PT;A03011;P2082171GR;A01321;85;0,005167;1,73;0;0;A04 05 2 (;;123;
K0016040N;Lumo Bisel Negro Texturado;A03020;587;6;8;PT;OTROS;FALSO;PT;A03020;;;;0,001152;0,24;0;0;A05 11 2 (;;587;
P3468181N;Branco Plafón 3468/8 Negro Texturado, LED GU10 8W, CL.II IP65;A03020;304;5;11;PT;ACB;FALSO;PT;A03020;;;;0,0007;0,7;0;0;;;304;
H2072080GR;Seiren Baliza 2072/7 Antracita Texturado, LED GU10 8W, CL.I IP65;A03021;217;13;26;PT;ACB;FALSO;PT;A03021;;;;0,005692;0,8;0;0;A03 02 2 (;"



pendiente de revisar
B08 40 2(120)
";225;
K4001140N;Custo 3818 Pantalla cilíndrica Ø94x70 mm Negro Texturado/Opal;A03021;60;4;6;PT;ACB;FALSO;PT;A03021;C3818172N;A02161;207;0;0,001;0;0;;;62;
A3089272OT;Icon Aplique 16/3089-20 Oro Técnico, LED 10.5W 1100lm, CRI90 CL.II, LED integrado, 2700K-3000K-4000K Slide Switch;A03030;100;4;12;PT;ACB;FALSO;PT;A03030;;;;0,002451;0,855;0;0;;;100;
E3731001B;Spectra Empotrable 3731/12 Blanco Texturado, LED 7W 3000K 770lm, CRI90 CL.II IP65/IP20;A03030;133;5;6;PT;ACB;FALSO;PT;A03030;;;;0,0021;0,55;0;0;A03 08 2 (;;137;
81FLO224T3CTB;Isia Kit Colgante CONJ.FLORON 3453 BCO 3.1M Blanco texturado, CL.I;A03031;380;7;23;PT;ACB;FALSO;COMP;A03031;;;;0,002798;0,77;0;0;A03 06  2 ;"A03 26 3 (120)
";395;
P3986080N;Pipe Plafón 3986/60 Ø60x130 mm Negro Texturado, LED GU10 8W, CL.I;A03031;54;6;20;PT;ACB;FALSO;PT;A03031;;;;0,000591;0,26;0;0;;;54;
A20391GR;Cube Aplique 16/2039-12 Antracita Texturado, LED E27 15W, CL.I IP54;A03040;290;7;14;PT;ACB;FALSO;PT;A03040;;;;0,0039;1,02;0;0;A03 11 3 (;;290;
E32401N;Aron Empotrable 16/3240 Negro Texturado, LED 3W 3000K 315lm, CRI90 CL.I, LED integrado, Con interruptor;A03040;195;6;6;PT;OTROS;FALSO;PT;A03040;E3240103N;A02122;82;0,001445;0,66;0;0;A04 03 2 (;"

";195;
A3699101N;Lyon Aplique 16/3699 Negro Texturado, LED 3W 3000K 285lm, CRI90 CL.I, LED integrado, Con interruptor, Orientable;A03041;101;9;20;PT;ACB;FALSO;PT;A03041;;;;0,0019;0,54;0;0;A03 06 3 (;;217;
K0016040O;Lumo Bisel Oro Técnico;A03041;291;1;4;PT;OTROS;FALSO;PT;A03041;;;;0,001152;0,24;0;0;A04 08 2 (;;291;
K1020070B;Kit Base Blanco Texturado, LED 4x5.5W 2120lm, CRI90 CL.I IP65, 2700K-3000K Slide Switch;A03041;139;2;2;PT;OTROS;FALSO;PT;A03041;;;;0,00198;0,925;0;0;A03 02 2 (;;143;
A3850070N;Tavi Aplique 16/3850-60 Negro Texturado, LED 18W 1500lm, CRI90 CL.II IP44, LED integrado, 3000K-4000K Slide Switch;A03050;232;3;4;PT;ACB;FALSO;PT;A03050;;;;0,003179;0,98;0;0;A04 07 3 (;;240;
S30540PI;Mirta Sobremesa 3054/35 Piedra, LED E27 15W, CL.II, Interruptor de cable;A03050;8;13;29;PT;ACB;FALSO;PT;A03050;;;;0,01536;0,786;0;0;;;10;
P35581BOT;Einar Empotrable 3558/8 Blanco Texturado/Oro Técnico, LED GU10 8W, CL.II;A03051;462;9;22;PT;ACB;FALSO;PT;A03051;P35581BOT;A03051;462;0,00072;0,15;0;0;A02 05 2 (;;481;
P35581N;Einar Empotrable 3558/8 Negro Texturado, LED GU10 8W, CL.II;A03051;451;14;29;PT;ACB;FALSO;PT;A03051;P35581N;A03051;451;0,00072;0,15;0;0;A03 04 2 (;;451;
E376610B;Prado Empotrable 16/3766-6 Blanco texturado, LED 3W 3000K 245lm, CRI90 CL.II;A03060;48;2;6;PT;OTROS;FALSO;PT;A03060;;;;0,0008;0,25;0;0;;;48;
P37920BOS;Soul Plafón 3792/8 Blanco Texturado/Oro Satinado, LED GU10 8W, CL.I;A03060;205;8;14;PT;ACB;FALSO;PT;A03060;P37920B;A01090;1164;0,000972;0,32;0;0;;;205;
A2060000GR;Ania Aplique 16/2060 Antracita Texturado, LED 6W 3000K 540lm, CRI80 CL.I IP65;A03061;149;5;13;PT;ACB;FALSO;PT;A03061;;;;0,0037;1,08;0;0;;A04 08 3 (104);150;
K1002145N;Easy Link Unión X Negro;A03061;111;2;3;PT;ACB;FALSO;PT;A03061;;;;0,0007;0,19;0;0;;;114;
A2060100GR;Ania Aplique 16/2060-2 Antracita Texturado, LED 2x6W 3000K 1080lm, CRI80 CL.I IP65;A03070;203;8;20;PT;ACB;FALSO;PT;A03070;;;;0,0037;1,33;0;0;A06 25 1 (;"A03 02 3 (144)            
";204;
K4011240OP;Trap Tulipa Ø178mm Cristal Cone Opal;A03070;131;8;11;PT;OTROS;FALSO;PT;A03070;;;;0;0,001;0;0;A04 03 2 (;;133;
K0019040O;Kendo Bisel 100 mm Oro Técnico;A03071;210;1;1;PT;OTROS;FALSO;PT;A03071;;;;0,0013;0,27;0;0;;;210;
K1001340N;Invisible Kit Colgante 3980 Conector Negro Texturado, CL.I, Sin iluminación;A03071;28;3;9;PT;ACB;FALSO;PT;A03071;;;;0,001509;0,48;0;0;;;102;
E34091B;Gamma Empotrable 3409/12 Blanco, LED GU10 8W, CL.II;A03080;83;5;13;PT;ACB;FALSO;PT;A03080;;;;0,002167;0,525;0;0;;;109;
K0020040O;Kendo Bisel 200X100 mm Oro Técnico;A03080;45;1;1;PT;OTROS;FALSO;PT;A03080;;;;0,002541;0,37;0;0;;;45;
81FLO224T3CTBDP;Isia Kit Colgante CON.FLO.3453 BCO 3M D/P Blanco texturado, CL.I;A03081;114;5;8;PT;ACB;FALSO;COMP;A03081;81FLO224T3CTB;A03031;380;0,003802;0,89;0;0;A02 30 2 (;"
";116;
A2062000GR;Nashira Aplique 16/2062 Antracita Texturado, LED 4W 3000K 175lm, CRI80 CL.I IP65;A03081;133;5;12;PT;OTROS;FALSO;PT;A03081;A2062071GR;A01220;421;0,000484;0,29;0;0;A04 05 2 (;;135;
A3699101B;Lyon Aplique 16/3699 Blanco texturado, LED 3W 3000K 285lm, CRI90 CL.I, LED integrado, Con interruptor, Orientable;A03090;201;9;20;PT;ACB;FALSO;PT;A03090;;;;0,001966;0,54;0;0;A03 08 2 1;;201;
K0018240N;Kowa Bisel 400 mm Negro Texturado;A03090;95;;1;PT;OTROS;FALSO;PT;A03090;;;;0,006888;1,12;5;0;A04 10 2 (;;100;
A2062171B;Nashira Aplique 16/2062 Blanco Texturado, LED 4.5W 588lm, CRI80 CL.I IP65, 2200K-2700K-3200K-4000K Slide Switch;A03091;350;3;5;PT;ACB;FALSO;PT;A03091;;;;0,000756;0,48;0;0;A02 33 2 (;;350;
A3568002NM;Manat Aplique 16/3568 Niquel Mate, LED 5W 3000K 415lm + 3W 3000K 285lm, CRI90 CL.I, Dos interruptores, Con USB, USB-C, Orientable;A03091;107;6;23;PT;ACB;FALSO;PT;A03091;;;;0,003366;1,07;0;0;;;113;
E3949000N;Dot Empotrable 3949/4 Negro, LED 3W 3000K 245lm, CRI90 CL.II IP44/IP20;A03100;334;7;15;PT;ACB;FALSO;PT;A03100;;;;0,000784;0,155;0;0;;;337;
P37641N;Zoom Plafón 3764/35 Negro Texturado, LED GU10 8W, CL.I;A03100;49;3;8;PT;OTROS;FALSO;PT;A03100;P3764380N;A05100;675;0,001462;0,59;0;0;;;49;
A356121C;Dustin Aplique 16/3561-80 Cromo, LED 15W 4000K 1300lm, CRI90 CL.II IP44, LED integrado, 3 fijaciones;A03101;159;9;18;PT;ACB;FALSO;PT;A03101;;;;0,0029;0,5;0;0;A02 08 2 (;;161;
P35571N;Winka Empotrable 3557/8 Negro Texturado, LED GU10 8W, CL.II;A03101;484;3;8;PT;ACB;FALSO;PT;A03101;P35571N;A03101;484;0,00072;0,16;0;0;A04 14 2 (;;484;
A3730270C;Menorca Aplique 450mm Cromo, LED 12W 1480lm, CRI90 CL.II IP44, 3000K-4000K Slide Switch;A03110;77;15;30;PT;ACB;FALSO;PT;A03110;;;;0,005099;0,925;0;0;A03 16 2 (;;80;
K1002143N;Easy Link Unión Y 120 Negro;A03110;90;2;8;PT;ACB;FALSO;PT;A03110;;;;0,000892;0,18;0;0;;;90;
A320030C;Box Aplique 16/3200-90 Plata, LED 15W 3000K 1100lm, CRI90 CL.II IP44, LED integrado;A03111;162;9;17;PT;ACB;FALSO;PT;A03111;;;;0,003393;0,77;0;0;;"A03 09 3 (100)
";162;
P2060000B;Ania Plafón 2060 Blanco Texturado, LED 6W 3000K 495lm, CRI80 CL.I IP65;A03111;282;13;22;PT;ACB;FALSO;PT;A03111;;;;0,001682;0,545;0;0;A03 15 2 (;;287;
A3966270B;Combo Aplique 16/3966-45 Blanco Texturado, LED 15W 1140lm, CRI90 CL.I IP65, LED integrado, 2700K-3000K Slide Switch;A03120;33;5;8;PT;ACB;FALSO;PT;A03120;;;;0,012403;3,25;4;0;;"
";41;
K0008240T;Pipe SLIM Tulipa Ø200mm Transparente;A03120;239;9;10;PT;ACB;FALSO;PT;A03120;;;;0,0165;0,6;0;0;A04 04 3 (;"         A04 12 3 (72)    A06 34 1 (32)

A04 10 3 (60)              A03 08 3 (28)
";251;
A3578101B;Paul Empotrable 16/3578 Blanco texturado, LED 3W 3000K 290lm, CRI90 CL.II, LED integrado;A03121;145;5;11;PT;OTROS;FALSO;PT;A03121;;;;0,000646;0,22;0;0;;;145;
E3947080N;Musca Empotrable 3947/11 Negro Texturado, LED GU10 8W, CL.II;A03121;422;1;6;PT;ACB;FALSO;PT;A03121;;;;0,001;0,4;0;0;A03 12 2(1;;422;
E204710IN;Nemo Empotrable 2047/10 Acero Inoxidable AISI316, LED GU10 8W, CL.I IP67;A03130;243;7;12;PT;ACB;FALSO;PT;A03130;;;;0,001212;0,5;0;0;;;282;
E2061071GR;Spica Empotrable 2061 Antracita Texturado, LED 2.2W 299lm, CRI80 CL.I IP65, 2200K-2700K-3200K-4000K Slide Switch;A03130;215;;1;PT;ACB;FALSO;PT;A03130;;;;0;0;0;0;;;215;
C3980000N;Invisible Módulo 3980/1196 Negro Texturado, LED 40W 3000K 3320lm + 18W 3000K 1880lm, CRI90 CL.I, LED integrado;A03131;2;3;9;PT;ACB;FALSO;PT;A03131;;;;0,007011;2,43;0;0;A03 12 3 (;;74;
K1002240B;Easy Link Perfil 600mm Blanco;A03131;150;10;22;PT;ACB;FALSO;PT;A03131;;;;0,000549;0,15;0;0;;;155;
A2070000GR;Draco Aplique 16/2070 Antracita Texturado, LED 2x5W 3000K 715lm, CRI80 CL.I IP65;A03140;192;5;11;PT;ACB;FALSO;PT;A03140;;;;0,0022;0,96;0;0;A03 17(108;;192;
F3986000B;Pipe Foco 3986 Blanco Texturado, LED COB 12W 3000K 1430lm, CRI90 CL.I, LED integrado, Orientable;A03140;32;11;23;PT;ACB;FALSO;PT;A03140;;;;0,0008;0,45;2;0; ;;38;
E4038070BB;Nura Empotrable 4038 Blanco Brillo, LED 4.5W 200lm, CRI80 CL.I IP65, LED integrado, 2700K-3000K-4000K Slide Switch;A03141;295;1;4;PT;ACB;FALSO;PT;A03141;;;;0;0;0;0;;;295;
K4000340N;Pipe Pantalla Ø115mm Negro Texturado;A03141;45;2;4;PT;ACB;FALSO;PT;A03141;;;;0;0;0;0;;;45;
6CON411605B;EMPALME PARA UNION DE CARRIL TRIFÁSICO BLANCO LARGO ELECTRIFICADO;A03150;43;7;16;PT;ACB;FALSO;COMP;A03150;;;;0,000175;0,11;0;0;;;45;
P3467181NM;Vanduo Plafón 3467/8 Niquel Mate, LED GU10 8W, CL.II IP65;A03150;78;12;25;PT;ACB;FALSO;PT;A03150;;;;0,000729;0,41;0;0;;;78;
P3946082BLSP;Parma Plafón Blanco Mate Liso, LED E27 15W, CL.II IP44, Sin tulipa;A03150;264;12;13;PT;ACB;FALSO;PT;A03150;;;;0,001917;0,525;0;0;A04 15 2 (;;268;
K0018140B;Kowa Bisel 250 mm Blanco Texturado;A03151;87;2;5;PT;OTROS;FALSO;PT;A03151;;;;0,004368;0,725;0;0;A03 18 2 (;;87;
K3000041T;Pipe Lente Ø60mm 50° Transparente;A03151;48;5;10;PT;ACB;FALSO;PT;A03151;;;;0,000075;0,03;0;0;;;48;
P3467181C;Vanduo Plafón 3467/8 Cromo, LED GU10 8W, CL.II IP65;A03151;102;2;10;PT;ACB;FALSO;PT;A03151;;;;0,000729;0,41;0;0;;;107;
A3835001N;Senda Aplique 16/3835 Negro Texturado, LED 3W 3000K 285lm, CRI90 CL.I, Con interruptor, Con USB, USB-C, Orientable;A03160;249;6;16;PT;ACB;FALSO;PT;A03160;;;;0,0021;0,66;0;0;A03 17 3 (;;249;
P376310B;Sima Plafón 3763/10 Blanco Texturado, LED GU10 8W, CL.I, Orientable;A03160;13;1;5;PT;OTROS;FALSO;PT;A03160;;;;0,001598;0,55;0;0;;;13;
E377111B;Kidal Empotrable 3771/10 Blanco texturado, LED COB 13W 4000K 1370lm, CRI90 CL.II IP44/IP20, LED integrado;A03161;305;1;6;PT;OTROS;FALSO;PT;A03161;E3771112BSD;;0;0,001509;0,43;0;0;A04 16 2 (;;305;
K0008240FU;Pipe SLIM Tulipa Ø200mm Fumé;A03161;103;11;19;PT;ACB;FALSO;PT;A03161;;;;0,015625;0,65;0;0;A03 18 3 (;"A03 19 3 (60)

";112;
K4000142OP;Pipe Pantalla Ø60mm Opalizado/Arena;A03170;173;1;3;PT;ACB;FALSO;PT;A03170;;;;0,000855;0,495;0;0;;;173;
P384310N;Mako Plafón 3843/9 Negro Texturado, LED COB 20W 3000K 1875lm, CRI90 CL.I, LED integrado, Orientable;A03170;-6;8;20;PT;ACB;FALSO;PT;A03170;;;;0,001328;0,5;0;0;A03 24 3 (;;11;
E37641B;Zoom Empotrable 3764/5 Blanco texturado, LED GU10 8W, CL.II;A03171;307;7;12;PT;ACB;FALSO;PT;A03171;;;;0,0008;0,17;0;0;;;307;
E3771012NSD;Kidal Empotrable Ø83mm Negro Texturado, LED COB 7W 4000K 905lm, CRI90 CL.II IP44/IP20, Sin Driver;A03171;240;;;PT;OTROS;FALSO;PT;A03171;;;;0,001509;0,225;0;0;;;240;
A3089472B;Icon Aplique 16/3089-50 Blanco Texturado, LED 32W 3162lm, CRI90 CL.II, LED integrado, 2700K-3000K-4000K Slide Switch;A03172;120;10;16;PT;ACB;FALSO;PT;A03172;;;;0,0062;1,9;0;0;A04 25 2 (;;122;
S30541PI;Mirta Sobremesa 3054/50 Piedra, LED E27 15W, CL.II, Interruptor de cable;A03180;3;16;30;PT;ACB;FALSO;PT;A03180;;;;0,01536;0,8;0;0;;;4;
A2095070B;Nexo Aplique Ø60x100mm Blanco Texturado, LED 4W 515lm, CRI90 CL.I IP65, 2700K-3000K Slide Switch;A03181;78;2;2;PT;ACB;FALSO;PT;A03181;;;;0;0,001;0;0;;;78;
A3189173N;Gala Aplique 16/3189-60 Negro Texturado, LED 31W 3650lm, CRI90 CL.I, LED integrado, 2700K-3000K-4000K Slide Switch;A03181;110;2;3;PT;ACB;FALSO;PT;A03181;;;;0,00816;2,07;0;0;A06 08 1;;112;
K0020040M;Kendo Bisel 200X100 mm Corten;A03181;69;1;1;PT;OTROS;FALSO;PT;A03181;;;;0,002541;0,37;0;0;;;69;
A3835001B;Senda Aplique 16/3835 Blanco texturado, LED 3W 3000K 285lm, CRI90 CL.I, Con interruptor, Con USB, USB-C, Orientable;A03190;73;7;14;PT;ACB;FALSO;PT;A03190;;;;0,002277;0,75;0;0;;;72;
F3986000NDP;Pipe Foco 3986 Negro Texturado, LED COB 12W 3000K 1430lm, CRI90 CL.I, LED integrado, Dim. DALI/Push, Orientable, ON-DEMAND **;A03190;38;1;8;PT;ACB;FALSO;PT;A03190;F3986000N;A02071;150;0,000819;0,41;0;0;;;76;
A2044081GR;Nori Aplique 16/2044-1 Antracita Texturado, LED E27 15W, CL.I IP65;A03191;155;2;2;PT;ACB;FALSO;PT;A03191;;;;0,003001;1,015;0;0;A03 20 3 (;;155;
A3836001B;Calma Aplique 16/3836 Blanco texturado, LED 6W 3000K 630lm + 3W 3000K 285lm, CRI90 CL.I, Dos interruptores, Con USB, USB-C, Orientable;A03191;71;7;18;PT;ACB;FALSO;PT;A03191;;;;0,0048;1,08;0;0;;"

";71;
A8202080NSP;Stilo Aplique 16/8202 Negro Texturado, LED E27 15W, CL.I, Sin pantalla;A03200;279;6;14;PT;ACB;FALSO;PT;A03200;A8202080N;;0;0,005;0,7;0;0;A03 23 3 (;"A04 19 2 (30)  A03 23 3 (120)


";279;
1CAM3908NB;Campana Turkana 3908/16 Negro Texturado RAL 9005/ Blanco Texturado RAL 9003;A03201;38;;9;PT;ACB;FALSO;COMP;A03201;;;;0,007581;0,925;0;0;;"
";45;
S8203000N;Luxa Sobremesa 8203 Negro Mate, LED 11W 3000K 700lm, CRI90 CL.II, LED integrado, Interruptor táctil, Regulador intensidad step;A03201;93;6;17;PT;ACB;FALSO;PT;A03201;;;;0,00695;2,15;1;0;A03 16 3 (;"

";110;
A3840070O;Luxur Aplique 16/3840-30 Oro Técnico, LED 20W 1200lm, CRI90 CL.I, LED integrado, 2700K-3000K Slide Switch;A03210;103;9;18;PT;ACB;FALSO;PT;A03210;;;;0,004306;1,26;0;0;A04 19 2 (;;104;
P37641B;Zoom Plafón 3764/35 Blanco Texturado, LED GU10 8W, CL.I;A03210;103;1;2;PT;OTROS;FALSO;PT;A03210;P3764380B;A05090;462;0,001706;0,6;0;0;;;103;
P2044081GR;Nori Plafón 2044/10 Antracita Texturado, LED E27 15W, CL.I IP65;A03211;252;5;9;PT;ACB;FALSO;PT;A03211;;;;0;0,001;0;0;A04 11 3 (;;252;
P341210B;Apex Plafón 3412/10 Blanco texturado, LED COB 13W 3000K 891lm, CRI90 CL.II, LED integrado, Orientable;A03211;43;1;9;PT;OTROS;FALSO;PT;A03211;;;;0,002281;0,91;0;0;;;43;
A2095070N;Nexo Aplique Ø60x100mm Negro Texturado, LED 4W 515lm, CRI90 CL.I IP65, 2700K-3000K Slide Switch;A03220;96;3;3;PT;ACB;FALSO;PT;A03220;;;;0;0;0;0;;;96;
P35581NOT;Einar Empotrable 3558/8 Negro texturado/Oro Técnico, LED GU10 8W, CL.II;A03220;231;8;16;PT;ACB;FALSO;PT;A03220;P35581NOT;A03220;231;0,00072;0,15;0;0;;;235;
81CON34531N;Isia Kit Colgante CONJ.COL.3453 NGRO 3M Negro, CL.I;A03221;64;11;17;PT;ACB;FALSO;COMP;A03221;;;;0,001296;0,5;0;0;;"
";86;
A3813070O;Ringo Aplique 16/3813 Oro Técnico, LED 13W 808lm, CRI90 CL.I, LED integrado, 2700K-3000K Slide Switch;A03222;8;;4;PT;OTROS;FALSO;PT;A03222;;;;0,016302;1,86;0;0;;"
";8;
1CAM3908B;Campana Turkana 3908/16 Blanco Texturado RAL 9003;A03230;35;3;11;PT;ACB;FALSO;COMP;A03230;;;;0,007581;0,925;0;0;;;35;
P37920NOS;Soul Plafón 3792/8 Negro Texturado/Oro Satinado, LED GU10 8W, CL.I;A03230;291;8;17;PT;ACB;FALSO;PT;A03230;P37920N;A01140;628;0,000931;0,31;0;0;A03 24 2 (;;293;
A2090070GR;Noel Aplique 16/2090 Antracita Texturado, LED 10W 550lm, CRI90 CL.I IP65, LED integrado, 2700K-3000K Slide Switch;A03231;144;1;3;PT;ACB;FALSO;PT;A03231;;;;0,00215;0,83;0;0;A01 34 2 (;;144;
A3089372OT;Icon Aplique 16/3089-36 Oro Técnico, LED 21W 2200lm, CRI90 CL.II, LED integrado, 2700K-3000K-4000K Slide Switch;A03231;23;5;9;PT;ACB;FALSO;PT;A03231;;;;0,004389;1,365;0;0;;"
";23;
1BIS1003B;Move Bisel Ø85mm Cuadrado Blanco Texturado;A03240;322;5;8;PT;OTROS;FALSO;COMP;A03240;;;;0,000495;0,12;0;0;A10 29 3 (;;322;
1BIS1004B;Move Bisel 2xØ85mm Cuadrado Blanco Texturado;A03240;168;2;4;PT;OTROS;FALSO;COMP;A03240;;;;0,000892;0,27;0;0;;;168;
P343630B;Roku Plafón 3436/19 Blanco, LED 18W 3000K 1450lm, CRI90 CL.II, LED integrado;A03240;44;;10;PT;OTROS;FALSO;PT;A03240;;;;0,001542;0,62;0;0;;;48;
E376510B;Miura Empotrable 16/3765-5 Blanco texturado, LED 3W 3000K 245lm, CRI90 CL.II;A03241;200;5;16;PT;ACB;FALSO;PT;A03241;;;;0,0008;0,25;0;0;;;200;
K0003540O;Chamaleon 16/3975 DECO Oro Viejo Mate, Sin iluminación;A03241;378;6;9;PT;ACB;FALSO;PT;A03241;;;;0,0006;0,22;0;0;;;378;
1BIS1002N;Move Bisel Ø85mm Circular Negro Texturado;A03250;737;6;8;PT;OTROS;FALSO;COMP;A03250;;;;0,000495;0,12;0;0;A03 23 2 (;;775;
E3771200N;Kidal Empotrable 3771/6 Negro Texturado, LED COB 5W 3000K 540lm, CRI90 CL.II IP44/IP20, LED integrado;A03250;107;3;8;PT;OTROS;FALSO;PT;A03250;E3771202NSD;A05161;36;0,000747;0,19;120;0;;;227;
P2082000GR;Kuma Plafón 2082/16 Antracita Texturado, LED 10W 3000K 630lm, CRI90 CL.I IP65, LED integrado;A03251;113;2;11;PT;OTROS;FALSO;PT;A03251;P2082071GR;A05022;94;0,002231;0,87;0;0;;;113;
P3986001N;Pipe Plafón 3986/60 Ø60x300mm Negro Texturado, LED COB 12W 3000K 1430lm, CRI90 CL.I, LED integrado;A03251;206;15;36;PT;ACB;FALSO;PT;A03251;;;;0,000845;0,46;0;0;A04 28 2  ;;206;
81FLO224T3CTNDP;Isia Kit Colgante CON.FLO.3453 NGRO 3M DP Negro Texturado, CL.I;A03260;114;4;6;PT;ACB;FALSO;COMP;A03260;81FLO224T3CTN;A03330;115;0,003802;0,89;0;0;A01 25 2(8;"
";115;
K0016040M;Lumo Bisel Corten;A03260;189;5;9;PT;OTROS;FALSO;PT;A03260;;;;0,001152;0,24;0;0;;;189;
1BAS0109B;GINA 3874 BASE 0109 Ø250 BLANCO TEXTURADO;A03261;119;5;15;PT;OTROS;FALSO;COMP;A03261;H3874080B;;0;0,005187;3,31;0;0;A05 21 1 (;"
";120;
C3946082BLSP;Parma Colgante Blanco Mate Liso, LED E27 15W, CL.II IP44, Sin tulipa;A03270;262;15;17;PT;ACB;FALSO;PT;A03270;;;;0,002535;0,69;0;0;A08 34 1 (;;268;
E37880B;Antea Empotrable 3788/10 Blanco Texturado, LED GU10 8W, CL.II;A03270;683;11;19;PT;ACB;FALSO;PT;A03270;;;;0,0005;0,16;0;0;A04 27 2;;683;
P3987270N;Tech Plafón 3987/20 Negro Texturado, LED 25W 3200lm, CRI90 CL.I IP44, LED integrado, 3000K-4000K Slide Switch, Difusor Microprismático;A03270;60;3;12;PT;ACB;FALSO;PT;A03270;;;;0,0043;1,29;53;0;A03 29 2 (;;117;
K0020040B;Kendo Bisel 200x100mm Blanco Texturado;A03271;144;2;2;PT;OTROS;FALSO;PT;A03271;;;;0,002541;0,37;0;0;A04 30 2 (;;148;
P34081B;Yota Empotrable 3408/13 Blanco, LED GU10 8W, CL.II;A03271;268;;3;PT;ACB;FALSO;PT;A03271;;;;0,001792;0,55;0;0;A02 23 2 (;;268;
A202410N;Aka Aplique 16/2024-30 Negro Texturado, LED 20W 3000K 1550lm, CRI90 CL.I IP65, LED integrado;A03280;246;6;15;PT;ACB;FALSO;PT;A03280;;;;0,00279;0,945;0;0;A03 30 2 (;;251;
F3986080N;Pipe Foco 3986/60 Ø60x130 mm Negro Texturado, LED GU10 8W, CL.I, Orientable;A03280;150;9;26;PT;ACB;FALSO;PT;A03280;;;;0,000845;0,46;0;0;;;165;
K0017040M;Glowi Bisel Corten;A03281;150;4;7;PT;OTROS;FALSO;PT;A03281;;;;0,001512;0,275;0;0;A04 31 2 (;;150;
K4001240O;Custo 3818 Pantalla cilíndrica Ø94x170 mm Oro Técnico/Opal;A03281;62;3;4;PT;ACB;FALSO;PT;A03281;C3818172O;A02210;142;0;0,001;0;0;;;62;
A3972170N;Brick Aplique 16/3972-38 Negro Texturado, LED 38W 4340lm, CRI90 CL.I, LED integrado, 2700K-3000K Slide Switch, Difusor Microprismático;A03290;112;7;12;PT;OTROS;FALSO;PT;A03290;A3972172N;AA03321;7;0,004998;2,07;0;0;A01 27 2 (;;112;
P341210N;Apex Plafón 3412/10 Negro Texturado, LED COB 13W 3000K 891lm, CRI90 CL.II, LED integrado, Orientable;A03290;4;2;8;PT;OTROS;FALSO;PT;A03290;;;;0,002281;0,9;0;0;;;4;
A3986100N;Pipe Aplique 16/3986-2 Negro Texturado, LED COB 2x6W 3000K 1430lm, CRI90 CL.I;A03291;141;5;11;PT;ACB;FALSO;PT;A03291;;;;0,001197;0,64;32;0;;;178;
S30541B;Mirta Sobremesa 3054/50 Blanco, LED E27 15W, CL.II, Interruptor de cable;A03291;30;6;7;PT;ACB;FALSO;PT;A03291;;;;0,01536;0,8;0;0;A04 27 2 (;;30;
E3925000BR;Atria Empotrable 16/3925 Bronce, LED 3W 3000K 285lm, CRI90 CL.I, LED integrado, Con interruptor, Orientable;A03300;-18;6;15;PT;ACB;FALSO;PT;A03300;;;;0,0013;0,42;0;0;;;0;
K1002146B;Easy Link Embellecedor Blanco;A03300;32;5;13;PT;ACB;FALSO;PT;A03300;;;;0;0,35;0;0;;;34;
K1002147N;Easy Link Unión L 120 Negro;A03300;312;2;9;PT;ACB;FALSO;PT;A03300;;;;0,000432;0,15;0;0;;;313;
A3972272N;Brick Aplique 16/3972-56 Negro Texturado, LED 56W 7020lm, CRI90 CL.I, LED integrado, 2700K-3000K-4000K Slide Switch, Difusor Microprismático;A03301;0;2;2;PT;ACB;FALSO;PT;A03301;;;;0,00708;2,985;0;0;;;14;
E3980100B;Invisible Empotrable 3980/280 Blanco Texturado, LED 24W 3000K 1790lm, CRI90 CL.II, LED integrado;A03301;174;1;7;PT;ACB;FALSO;PT;A03301;;;;0,00156;0,58;0;0;A03 18 2 (;;174;
A3972172B;Brick Aplique 16/3972-38 Blanco Texturado, LED 38W 4650lm, CRI90 CL.I, LED integrado, 2700K-3000K-4000K Slide Switch, Difusor Microprismático;A03310;133;18;23;PT;ACB;FALSO;PT;A03310;;;;0,0049;2,05;0;0;A01 23 2 (;A04 09 2 (72);139;
K0019140B;Kendo Bisel 250 mm Blanco Texturado;A03310;195;3;3;PT;OTROS;FALSO;PT;A03310;;;;0,003146;0,695;0;0;A04 28 2  ;;195;
E3925100NM;Atria MINI Empotrable 16/3925 Níquel Mate, LED 3W 3000K 285lm, CRI90 CL.I, LED integrado, Con interruptor, Orientable;A03311;255;2;3;PT;ACB;FALSO;PT;A03311;;;;0,00088;0,245;0;0;;;255;
E3946082OMSP;Parma Empotrable Oro Viejo Mate, LED E27 15W, CL.II IP44, Sin tulipa;A03311;227;5;5;PT;ACB;FALSO;PT;A03311;;;;0,0012;0,29;0;0;A03 28 2 (;;227;
E3986000B;Pipe Empotrable 3986 Blanco Texturado, LED COB 12W 3000K 1430lm, CRI90 CL.II, LED integrado;A03320;162;4;5;PT;ACB;FALSO;PT;A03320;;;;0,000845;0,46;0;0;;;182;
A3975101NSP;Chamaleon Aplique 16/3975-Ø60 Negro Texturado, LED 10.5W 3000K 675lm, CRI90 CL.I IP54, LED integrado, Sin decoración;A03321;106;;10;PT;ACB;FALSO;PT;A03321;;;;0,004134;0,86;0;0;A01 26 2 (;;106;
E3946082NLSP;Parma Empotrable Negro Mate Liso, LED E27 15W, CL.II IP44, Sin tulipa;A03321;236;2;3;PT;ACB;FALSO;PT;A03321;;;;0,0012;0,29;0;0;A03 28 2 (;;237;
E377109NDP;Kidal Empotrable 3771/8 Negro Texturado, LED COB 7W 2700K 610lm, CRI90 CL.II IP44/IP20, LED integrado, Dim. DALI/Push, ON-DEMAND **;A03322;60;;;PT;OTROS;FALSO;PT;A03322;E3771092NSD;A05151;320;0,0015;0,3;0;0;;;60;
P376210B;Carre Plafón 3762/10 Blanco Texturado, LED GU10 8W, CL.I, Orientable;A03322;40;;1;PT;OTROS;FALSO;PT;A03322;;;;0,001598;0,575;0;0;;;40;
81FLO224T3CTN;Isia Kit Colgante CONJ.FLORON 3453 NGR 3.1M Negro Texturado, CL.I;A03330;115;4;14;PT;ACB;FALSO;COMP;A03330;;;;0,002798;0,77;0;0;A03 26 3 (;;117;
A3239101B;Cio Aplique 16/3239 Blanco Texturado, LED 3W 3000K 285lm, CRI90 CL.I, LED integrado, Con interruptor, Orientable;A03330;124;13;30;PT;ACB;FALSO;PT;A03330;;;;0,002308;0,535;0;0;A04 31 2 (;;127;
1BIS1000B;Move Bisel Ø64mm Circular Blanco Texturado;A03331;657;12;22;PT;OTROS;FALSO;COMP;A03331;;;;0,000238;0,07;0;0;;"
";657;
1BIS1002B;Move Bisel Ø85mm Circular Blanco Texturado;A03331;1185;14;36;PT;OTROS;FALSO;COMP;A03331;;;;0,000495;0,12;0;0;A03 25 2 (;;1238;
E3980000B;Invisible Empotrable 3980/147 Blanco Texturado, LED 12W 3000K 850lm, CRI90 CL.II, LED integrado;A03331;216;4;8;PT;ACB;FALSO;PT;A03331;;;;0,000884;0,34;0;0;A03 27 2 1;;216;
K0003340N;Chamaleon 16/3975 DECO Mármol Negro, Sin iluminación;A03331;27;;3;PT;ACB;FALSO;PT;A03331;;;;0,00068;0,55;0;0;;;27;
A203210O;Kendo Aplique 16/2032-10 Oro Técnico, LED COB 2x6W 3000K 850lm, CRI90 CL.I IP65;A04010;73;2;7;PT;OTROS;FALSO;PT;A04010;K0019040O;A03071;210;0,001331;0,68;0;0;;;81;
K0018040M;Kowa Bisel 100 mm Corten;A04010;45;1;1;PT;OTROS;FALSO;PT;A04010;;;;0,00198;0,3;0;0;;;45;
ACB62069;Bombilla 62069 LED E27 6W 190º 3000K 660lm CRI80 ;A04011;108;9;18;PT;ACB;FALSO;PT;A04011;;;;0,000189;0,32;0;0;;;108;
ACB62504;Bombilla Deco Globo 62504 Negro LED E27 6W 360º 2700K 750lm CRI80;A04011;110;23;47;PT;ACB;FALSO;PT;A04011;;;;0,002957;0,2;0;0;;"


";120;
A3189173B;Gala Aplique 16/3189-60 Blanco Texturado, LED 31W 3650lm, CRI90 CL.I, LED integrado, 2700K-3000K-4000K Slide Switch;A04012;77;5;6;PT;ACB;FALSO;PT;A04012;;;;0,00816;2,07;2;0;;;82;
E377101B;Kidal Empotrable 3771/8 Blanco texturado, LED COB 7W 4000K 730lm, CRI90 CL.II IP44/IP20, LED integrado;A04020;53;4;9;PT;OTROS;FALSO;PT;A04020;E3771012BSD;;192;0,001509;0,29;0;0;;;55;
E382620B;Boheme Empotrable 16/3826 Blanco texturado, LED 3W 3000K 285lm, CRI90 CL.I, LED integrado, Con interruptor, Orientable;A04020;154;7;12;PT;ACB;FALSO;PT;A04020;;;;0,0014;0,48;0;0;;;163;
A201520GR;Boj Aplique 16/2015 Antracita Texturado, LED 2x6W 3000K 1100lm, CRI90 CL.I IP54, LED integrado;A04021;0;4;12;PT;OTROS;FALSO;PT;A04021;;;;0,00128;0,55;0;0;;;0;
ACB62393;Bombilla 62393 LED E27 14W 270º 3000K 1500lm CRI80;A04021;61;4;17;PT;ACB;FALSO;PT;A04021;;;;0,000472;0,69;0;0;;;64;
K1002146N;Easy Link Embellecedor Negro;A04021;208;12;35;PT;ACB;FALSO;PT;A04021;;;;0,000096;0,3;0;0;;;229;
A3966370N;Combo Aplique 16/3966-60 Negro Texturado, LED 20W 1350lm, CRI90 CL.I IP65, LED integrado, 2700K-3000K Slide Switch;A04030;112;4;6;PT;ACB;FALSO;PT;A04030;;;;0,0226;6,47;0;0;A05 18 2 (;"A05 01 2 ( 7)     A04 04 2  (43)
";116;
E382620N;Boheme Empotrable 16/3826 Negro texturado, LED 3W 3000K 285lm, CRI90 CL.I, LED integrado, Con interruptor, Orientable;A04031;132;9;19;PT;ACB;FALSO;PT;A04031;;;;0,0014;0,48;0;0;;;134;
P3986100N;Pipe Plafón 3986/100 Ø100x130mm Negro Texturado, LED COB 18W 3000K 1985lm, CRI90 CL.I, LED integrado;A04031;130;;2;PT;ACB;FALSO;PT;A04031;;;;0,000845;0,46;0;0;;;130;
A3432270C;Aldo Aplique 16/3432-83 Opal/Cromo, LED 32W 2330lm, CRI90 CL.II IP44, LED integrado, 3000K-4000K Slide Switch;A04040;112;4;11;PT;ACB;FALSO;PT;A04040;;;;0,006174;1,145;0;0;A04 08 2 (;;115;
A3993090B;Yes Aplique 16/3993 Blanco, LED 4W 2700K 165lm, CRI90 CL.I IP65, LED integrado;A04040;70;3;4;PT;ACB;FALSO;PT;A04040;;;;0,001352;0,38;0;0;;;93;
K0019240O;Kendo Bisel 400 mm Oro Técnico;A04040;148;;1;PT;OTROS;FALSO;PT;A04040;;;;0,004961;1,105;0;0;A08 29 1(1;;148;
E37641N;Zoom Empotrable 3764/5 Negro Texturado, LED GU10 8W, CL.II;A04041;129;4;11;PT;ACB;FALSO;PT;A04041;;;;0,0008;0,17;0;0;;;129;
K2005140N;Easy Link Cable PVC 3 Polos L 850mm ON OFF;A04041;283;16;38;PT;ACB;FALSO;PT;A04041;;;;0;0,01;0;0;;;285;
1TUB0033N;Easy Link Extensión Negro;A04050;183;5;17;PT;ACB;FALSO;COMP;A04050;;;;0,000273;0,06;0;0;;;191;
K0019140O;Kendo Bisel 250 mm Oro Técnico;A04050;146;1;1;PT;OTROS;FALSO;PT;A04050;;;;0,003146;0,695;0;0;A03 09 2 (;;146;
6CON411602N;EMPALME PARA UNION DE CARRIL TRIFÁSICO NEGRO;A04051;226;12;26;PT;ACB;FALSO;COMP;A04051;;;;0,000036;0,03;0;0;;;226;
A2062171GR;Nashira Aplique 16/2062 Antracita Texturado, LED 4.5W 588lm, CRI80 CL.I IP65, 2200K-2700K-3200K-4000K Slide Switch;A04051;354;2;2;PT;ACB;FALSO;PT;A04051;;;;0,000756;0,48;0;0;A04 19 3 (;;354;
K0017040N;Glowi Bisel Negro Texturado;A04051;371;5;7;PT;OTROS;FALSO;PT;A04051;;;;0,001512;0,275;0;0;A04 06 2 (;;371;
A3089172N;Icon Aplique 16/3089-10 Negro Texturado, LED 8.5W 890lm, CRI90 CL.II, LED integrado, 2700K-3000K-4000K Slide Switch;A04060;132;9;26;PT;ACB;FALSO;PT;A04060;;;;0,00162;0,605;0;0;;;135;
A3991071C;Sara Aplique 600mm Opal/Cromo, LED 20W 1780lm, CRI90 CL.II IP44, 2700K-3000K-4000K Slide Switch;A04060;192;11;25;PT;ACB;FALSO;PT;A04060;;;;0,005208;1,21;0;0;A02 24 3 (;;196;
1CAM370841B;Campana Jarvis 3708/30 Colgante Blanco Texturado;A04061;89;4;13;PT;ACB;FALSO;COMP;A04061;;;;0,013687;1,385;0;0;A04 18 2 (;"
";89;
A3189270O;Gala Aplique 16/3189-90 Oro Tecnico, LED 43W 5190lm, CRI90 CL.I, LED integrado, 2700K-3000K Slide Switch;A04061;0;;4;PT;OTROS;FALSO;PT;A04061;A3189273O;A06231;36;0,011921;2,6;0;0;;"
";25;
AS2074000N;Gloss Aplique Solar 16/2074 Antracita Texturado, LED 5W 3000K 500lm, CRI90 CL.III IP65, LED integrado, Batería integrada, Solar;A04070;6;1;1;PT;OTROS;FALSO;PT;A04070;;;;0,00735;1,45;0;0;;"
";6;
K4001140O;Custo 3818 Pantalla cilíndrica Ø94x70 mm Oro Técnico/Opal;A04070;67;;3;PT;ACB;FALSO;PT;A04070;C3818172O;A02210;142;0;0;0;0;;;67;
A8169191N;Kin Aplique 16/8169 Negro Texturado/Opal, LED 8W 2700K 370lm, CRI90 CL.I, LED integrado;A04071;121;;5;PT;ACB;FALSO;PT;A04071;;;;0,0146;1,47;0;0;A04 05 3 (;"A05 30 1 (63)




";130;
K1002140B;Easy Link Tapa Final Blanca;A04071;116;15;32;PT;ACB;FALSO;PT;A04071;;;;0,000361;0,13;0;0;;;125;
K2005240N;Easy Link Cable PVC 3 Polos L 1250mm ON OFF;A04071;322;19;32;PT;ACB;FALSO;PT;A04071;;;;0;0,01;0;0;;;334;
A3561200C;Dustin Aplique 16/3561-80 Cromo, LED 15W 3000K 1200lm, CRI90 CL.II IP44, LED integrado, 3 fijaciones;A04080;75;2;13;PT;ACB;FALSO;PT;A04080;;;;0,002995;0,505;0;0;;"
";75;
K0018040B;Kowa Bisel 100 mm Blanco Texturado;A04080;99;3;3;PT;OTROS;FALSO;PT;A04080;;;;0,0019;0,3;0;0;;;100;
A3298271C;Ura Aplique 600mm Opal/Cromo, LED 19W 1780lm, CRI90 CL.II IP44, 3000K-4000K Slide Switch;A04081;11;5;10;PT;ACB;FALSO;PT;A04081;;;;0,006552;1,1;0;0;;;11;
K0018040N;Kowa Bisel 100 mm Negro Texturado;A04081;173;5;8;PT;OTROS;FALSO;PT;A04081;;;;0,0019;0,3;0;0;;;187;
A2060100B;Ania Aplique 16/2060-2 Blanco Texturado, LED 2x6W 3000K 1080lm, CRI80 CL.I IP65;A04090;69;4;8;PT;ACB;FALSO;PT;A04090;;;;0,00372;1,335;0;0;;;69;
K0019240B;Kendo Bisel 400 mm Blanco Texturado;A04090;150;;;PT;OTROS;FALSO;PT;A04090;;;;0,004961;1,105;0;0;A01 30 2 (;;150;
A3972270B;Brick Aplique 16/3972-56 Blanco Texturado, LED 56W 6500lm, CRI90 CL.I, LED integrado, 2700K-3000K Slide Switch, Difusor Microprismático;A04091;26;7;9;PT;OTROS;FALSO;PT;A04091;A3972272B;B08231;40;0,00765;2,96;0;0;;;26;
K0018040O;Kowa Bisel 100 mm Oro Técnico;A04091;387;12;26;PT;OTROS;FALSO;PT;A04091;;;;0,0019;0,3;0;0;;A04 29 2 (160);394;
A2060000B;Ania Aplique 16/2060 Blanco Texturado, LED 6W 3000K 540lm, CRI80 CL.I IP65;A04100;206;5;11;PT;ACB;FALSO;PT;A04100;;;;0,0037;1,08;0;0;A03 10 2 (;A04 30 3 (104);206;
E382610N;Boheme Empotrable 16/3826 Negro texturado, LED 3W 3000K 285lm, CRI90 CL.I, LED integrado, Sin interruptor, Orientable;A04100;31;2;12;PT;ACB;FALSO;PT;A04100;E382620N;A04031;132;0,0014;0,45;0;0;;;100;
A3966070O;Combo Aplique 16/3966-20 Oro Tecnico, LED 10W 640lm, CRI90 CL.I IP65, LED integrado, 2700K-3000K Slide Switch;A04101;216;11;20;PT;ACB;FALSO;PT;A04101;;;;0,002;0,76;0;0;A04 09 2 (;;216;
K1002180B;Easy Link Kit Base Parma Blanco Texturado, LED E27 15W, CL.I, Sin iluminación;A04101;178;1;2;PT;ACB;FALSO;PT;A04101;;;;0;0;0;0;;;178;
E2061071B;Spica Empotrable 2061 Blanco Texturado, LED 2.2W 299lm, CRI80 CL.I IP65, 2200K-2700K-3200K-4000K Slide Switch;A04110;217;;;PT;ACB;FALSO;PT;A04110;;;;0;0;0;0;A04 10 2 (;;217;
K0019040B;Kendo Bisel 100 mm Blanco Texturado;A04110;367;16;34;PT;OTROS;FALSO;PT;A04110;;;;0,0013;0,27;0;0;;;387;
A383410C;Tesla Aplique 16/3834-35 Opal/Cromo, LED 13.6W 3000K 1100lm, CRI90 CL.II IP44, LED integrado;A04111;87;6;12;PT;ACB;FALSO;PT;A04111;;;;0,00185;1,28;0;0;;;91;
P37642N;Zoom Plafón 3764/45 Negro Texturado, LED GU10 8W, CL.I;A04111;32;8;16;PT;ACB;FALSO;PT;A04111;;;;0,001985;0,76;0;0;;;41;
A3833271N;Fosca Aplique 16/3833-90 Negro Texturado, LED 30W 2600lm, CRI90 CL.I, LED integrado, 2700K-3000K-4000K Slide Switch;A04120;150;7;18;PT;ACB;FALSO;PT;A04120;;;;0,006279;2,365;0;0;A04 07 2 (;"A04 14 2 (30)
            
";151;
E3980000N;Invisible Empotrable 3980/147 Negro Texturado, LED 12W 3000K 850lm, CRI90 CL.II, LED integrado;A04120;111;4;10;PT;ACB;FALSO;PT;A04120;;;;0,000884;0,34;0;0;;;111;
A3972072N;Brick Aplique 16/3972-20 Negro Texturado, LED 20W 2380lm, CRI90 CL.I, LED integrado, 2700K-3000K-4000K Slide Switch, Difusor Microprismático;A04121;123;7;9;PT;ACB;FALSO;PT;A04121;;;;0,002915;1,23;0;0;A02 28 2 (;;128;
K4000340B;Pipe Pantalla Ø115mm Blanco Texturado;A04121;49;1;1;PT;ACB;FALSO;PT;A04121;;;;0;0;0;0;;;49;
S8218031N;Stroll Sobremesa 8218 Negro Mate, LED 3.5W 296lm, CRI90 CL.III IP65, LED integrado, Interruptor táctil, Regulador Kelvin step 2200-2700, Regulable intensidad, Batería integrada;A04121;112;1;4;PT;ACB;FALSO;PT;A04121;;;;0,007943;1,33;0;0;A05 25 2 (;;112;
C3986100B;Pipe SLIM Colgante 3986/32 Ø32x300mm Blanco Texturado, LED COB 5W 3000K 605lm, CRI90 CL.I, LED integrado;A04130;125;3;8;PT;ACB;FALSO;PT;A04130;;;;0,002197;0,57;0;0;;;125;
E3947180N;Musca Empotrable 3947/21 Negro Texturado, LED GU10 2x8W, CL.II;A04130;285;;2;PT;ACB;FALSO;PT;A04130;;;;0,001978;0,7;0;0;A04 26 2 (;;285;
A3833271B;Fosca Aplique 16/3833-90 Blanco Texturado, LED 30W 2600lm, CRI90 CL.I, LED integrado, 2700K-3000K-4000K Slide Switch;A04131;185;7;15;PT;ACB;FALSO;PT;A04131;;;;0,006279;2,365;0;0;A03 05 2 (;"A04 13 3 (60)

";187;
P3435400N;Kore Plafón 3435/27 Negro Texturado, LED 24W 3000K 1930lm, CRI90 CL.II, LED integrado;A04131;16;1;3;PT;OTROS;FALSO;PT;A04131;P343540B;;0;0,002793;1,027;0;0;;;16;
A3189173O;Gala Aplique 16/3189-60 Oro Tecnico, LED 31W 3650lm, CRI90 CL.I, LED integrado, 2700K-3000K-4000K Slide Switch;A04140;45;5;8;PT;ACB;FALSO;PT;A04140;;;;0,0081;2,07;0;0;;;49;
K0019240M;Kendo Bisel 400 mm Corten;A04140;67;1;1;PT;OTROS;FALSO;PT;A04140;;;;0,004961;1,105;0;0;;;67;
E3771112NSD;Kidal Empotrable Ø100mm Negro Texturado, LED COB 12,5W 4000K 1435lm, CRI90 CL.II IP44/IP20, Sin Driver;A04141;180;;;PT;OTROS;FALSO;PT;A04141;;;;0,001509;0,35;0;0;;;180;
E382610B;Boheme Empotrable 16/3826 Blanco texturado, LED 3W 3000K 285lm, CRI90 CL.I, LED integrado, Sin interruptor, Orientable;A04141;102;4;9;PT;ACB;FALSO;PT;A04141;E382620B;A04020;154;0,001445;0,455;0;0;;;102;
A2044181GR;Nori Aplique 16/2044-2 Antracita Texturado, LED E27 2x15W, CL.I IP65;A04150;80;3;3;PT;ACB;FALSO;PT;A04150;;;;0,0044;1,43;0;0;A03 12 2 (;;80;
K0019140N;Kendo Bisel 250 mm Negro Texturado;A04150;216;3;4;PT;OTROS;FALSO;PT;A04150;;;;0,003146;0,695;0;0;A04 21 2 (;;216;
S3874080B;Gina Sobremesa 3874 Blanco texturado, LED GU10 8W, CL.II, Orientable;A04150;165;3;7;PT;ACB;FALSO;PT;A04150;;;;0,011825;2,025;0;0;A04 11 2 (;"A05 28 1 (42)



";167;
K1002141N;Easy Link Unión L 90 Negro;A04151;146;12;36;PT;ACB;FALSO;PT;A04151;;;;0,00063;0,16;0;0;;;162;
K1002142B;Easy Link Empalme Blanco;A04151;170;12;26;PT;ACB;FALSO;PT;A04151;;;;0,000489;0,15;18;0;;;194;
K1002242B;Easy Link Perfil 300mm Blanco;A04151;89;6;12;PT;ACB;FALSO;PT;A04151;;;;0,000281;0,07;0;0;;;91;
A32001C;Box Aplique 16/3200-60 Plata, LED 10.5W 4000K 800lm, CRI90 CL.II IP44, LED integrado;A04160;165;3;9;PT;ACB;FALSO;PT;A04160;;;;0,001769;0,535;0;0;A04 17 2 (;;165;
K0017040AL;Glowi Bisel Aluminio Cepillado;A04160;65;1;4;PT;OTROS;FALSO;PT;A04160;;;;0,001512;0,275;0;0;;;65;
K1002241B;Easy Link Perfil 1000mm Blanco;A04160;82;7;17;PT;ACB;FALSO;PT;A04160;;;;0,000909;0,24;3;0;;;85;
E4039070NB;Solis Empotrable 4039 Negro Brillo, LED 4.5W 200lm, CRI80 CL.I IP65, LED integrado, 2700K-3000K-4000K Slide Switch;A04161;277;2;8;PT;ACB;FALSO;PT;A04161;;;;0;0;0;0;;;279;
K0011440OP;Parma Tulipa Ø180mm Opalizado arenado;A04161;189;21;26;PT;ACB;FALSO;PT;A04161;;;;0,010169;0,745;0;0;A03 16 2 (;"A04 32 3 (108)
";189;
K0020040N;Kendo Bisel 200X100 mm Negro Texturado;A04170;184;5;7;PT;OTROS;FALSO;PT;A04170;;;;0,002541;0,37;0;0;A03 19 2 (;;184;
K1002085N;Easy Link Kit Colgante Negro Texturado, LED E27 15W, CL.I, Sin iluminación;A04170;18;10;14;PT;ACB;FALSO;PT;A04170;;;;0,001509;0,33;0;0;;;20;
E376710B;Regal Empotrable 16/3767-8 Blanco texturado, LED 3W 3000K 245lm, CRI90 CL.II IP54;A04171;342;4;9;PT;ACB;FALSO;PT;A04171;;;;0,000847;0,44;0;0;A03 14 2 (;;342;
P35571OT;Winka Empotrable 3557/8 Oro Tecnico, LED GU10 8W, CL.II;A04171;464;3;7;PT;ACB;FALSO;PT;A04171;;;;0,00072;0,15;0;0;A03 09 2 (;;464;
C3980000B;Invisible Módulo 3980/1196 Blanco Texturado, LED 40W 3000K 3320lm + 18W 3000K 1880lm, CRI90 CL.I, LED integrado;A04180;107;4;7;PT;ACB;FALSO;PT;A04180;;;;0,007011;2,43;0;0;;A03 27 3 (100);108;
E2063000GR;Orion Empotrable 2063/6 Antracita Texturado, LED 3W 3000K 60lm, CRI80 CL.II IP65;A04180;45;6;12;PT;OTROS;FALSO;PT;A04180;E2063001GR;A01310;83;0,000618;0,4;0;0;;;82;
A3972072B;Brick Aplique 16/3972-20 Blanco Texturado, LED 20W 2380lm, CRI90 CL.I, LED integrado, 2700K-3000K-4000K Slide Switch, Difusor Microprismático;A04181;92;16;19;PT;ACB;FALSO;PT;A04181;;;;0,002915;1,23;0;0;A04 16 2 (;;94;
E3771310B;Kidal Empotrable 3771/13 Blanco texturado, LED COB 20W 4000K 1988lm, CRI90 CL.II IP44/IP20, LED integrado;A04181;106;1;5;PT;OTROS;FALSO;PT;A04181;E3771312BSD;;0;0,002544;0,59;0;0;A05 23 1 (;"
";106;
K0019140M;Kendo Bisel 250 mm Corten;A04181;148;1;2;PT;OTROS;FALSO;PT;A04181;;;;0,003146;0,695;0;0;A03 21 2 (;;148;
A383420C;Tesla Aplique 16/3834-55 Opal/Cromo, LED 22.6W 3000K 1850lm, CRI90 CL.II IP44, LED integrado;A04190;43;3;7;PT;ACB;FALSO;PT;A04190;;;;0,003478;1,95;0;0;;;48;
ACB62105;Bombilla 62105 LED G9 4W 360º 3000K 400lm CRI80;A04190;-46;8;18;PT;ACB;FALSO;PT;A04190;;;;0,000024;0,15;0;0;;;174;
ACB62122;Bombilla 62122 LED GU10 8W120º 4000K 900lm CRI80;A04190;144;3;17;PT;ACB;FALSO;PT;A04190;;;;0,000157;0,06;0;0;;;144;
ACB62434;Bombilla 62434 LED E27 9W 180º 3000K 1100lm CRI80;A04190;294;10;29;PT;ACB;FALSO;PT;A04190;;;;0,000211;0,56;0;0;;;295;
E2062171B;Nashira Empotrable 2062 BlancoTexturado, LED 4.5W 588lm, CRI80 CL.I IP65, 2200K-2700K-3200K-4000K Slide Switch;A04191;204;;;PT;ACB;FALSO;PT;A04191;;;;0,001692;0,71;0;0;A04 19 3 (;;204;
P3987070BDP;Tech Plafón 3987/10 Blanco Texturado, LED 9W 1380lm, CRI90 CL.I IP44, LED integrado, 3000K-4000K Slide Switch, Dim. DALI/Push, Difusor Microprismático, ON-DEMAND **;A04191;151;1;4;PT;ACB;FALSO;PT;A04191;P3987070B;A01230;686;0,001039;0,44;0;0;;;151;
E2062071B;Nashira Empotrable 2062 Blanco Texturado, LED 2.2W 299lm, CRI80 CL.I IP65, 2200K-2700K-3200K-4000K Slide Switch;A04200;263;;;PT;ACB;FALSO;PT;A04200;;;;0,001352;0,46;0;0;;;264;
E2066080IN;Indus Empotrable 2066/9 2 Direcciones Aluminio ADC12, LED GU10 8W, CL.I IP67;A04200;193;2;2;PT;ACB;FALSO;PT;A04200;;;;0,001815;0,71;0;0;A03 14 2 (;"




";202;
ACB62387;Bombilla 62387 LED E27 9W 270º 3000K 950lm CRI80;A04201;56;4;8;PT;ACB;FALSO;PT;A04201;;;;0,000422;0,01;0;0;;;60;
ACB62574;Bombilla 62574 LED GU10 7W 60º 2700K 700lm CRI80;A04201;174;6;20;PT;ACB;FALSO;PT;A04201;;;;0,000211;0,05;0;0;;;174;
ACB62600;Bombilla Deco Globo 62600 LED E27 6W 360º 2700K 900lm CRI80 ;A04201;77;3;9;PT;ACB;FALSO;PT;A04201;;;;0,004225;0,21;0;0;A03 18 2 (;"  
";80;
E4037070SP;Sign Empotrable 4037, LED 1.5W 100lm, CRI80 CL.II, LED integrado, 2700K-3000K-4000K Slide Switch, Sin bisel;A04201;327;22;26;PT;OTROS;FALSO;PT;A04201;;;;0,000574;0,12;0;0;A03 23 2 (;;357;
A3089470OT;Icon Aplique 16/3089-50 Oro Tecnico, LED 32W 3162lm, CRI90 CL.II, LED integrado, 2700K-3000K Slide Switch;A04210;15;3;3;PT;OTROS;FALSO;PT;A04210;A3089472OT;A01191;6;0,006213;1,86;0;0;;;16;
K0016040B;Lumo Bisel Blanco Texturado;A04210;497;1;3;PT;OTROS;FALSO;PT;A04210;;;;0,001152;0,24;0;0;A01 17 2(4;;497;
6CON411601IN;CONECTOR PARA CARRIL TRIFÁSICO NEGRO IZQUIERDA;A04211;114;9;21;PT;ACB;FALSO;COMP;A04211;;;;0,000104;0,06;0;0;;;116;
K0019240N;Kendo Bisel 400 mm Negro Texturado;A04211;188;1;2;PT;OTROS;FALSO;PT;A04211;;;;0,004961;1,105;0;0;A03 13 2 (;;188;
K1010080B;Tiga Kit Colgante 3707 Blanco Texturado, LED E27 15W, CL.I;A04211;60;;;PT;ACB;FALSO;PT;A04211;1CAM370771BB;;0;0;0;0;0;;;60;
A320031C;Box Aplique 16/3200-90 Plata, LED 15W 4000K 1100lm, CRI90 CL.II IP44, LED integrado;A04220;127;4;5;PT;ACB;FALSO;PT;A04220;;;;0,003393;0,77;0;0;;;127;
E3771290N;Kidal Empotrable 3771/6 Negro Texturado, LED COB 5W 2700K 560lm, CRI90 CL.II IP44/IP20, LED integrado;A04220;26;1;4;PT;OTROS;FALSO;PT;A04220;E3771292NSD;A08370;28;0,000747;0,19;0;0;;;26;
A3833471B;Fosca Aplique 16/3833-40 Blanco Texturado, LED 10W 1050lm, CRI90 CL.I, LED integrado, 2700K-3000K-4000K Slide Switch;A04221;239;3;6;PT;ACB;FALSO;PT;A04221;;;;0,002665;1,09;0;0;A04 17 3 (;;239;
E2065080IN;Indus Empotrable 2065/9 1 Dirección Aluminio ADC12, LED GU10 8W, CL.I IP67;A04221;96;1;3;PT;ACB;FALSO;PT;A04221;;;;0,001815;0,71;0;0;A01 26 2 (;;106;
A3813070N;Ringo Aplique 16/3813 Negro Texturado, LED 13W 808lm, CRI90 CL.I, LED integrado, 2700K-3000K Slide Switch;A04222;32;1;1;PT;OTROS;FALSO;PT;A04222;;;;0,016302;1,86;0;0;;;32;
C3820480OVSP;Doris Colgante 3820/1 Oro Viejo, LED G9 7W, CL.I, Sin tulipa;A04230;232;4;8;PT;ACB;FALSO;PT;A04230;;;;0,002451;0,565;0;0;A03 32 3 (;;237;
K0018140N;Kowa Bisel 250 mm Negro Texturado;A04230;98;2;4;PT;OTROS;FALSO;PT;A04230;;;;0,004368;0,725;0;0;;;103;
P32351B;Studio Plafón 3235/12 Blanco, LED 12W 3000K 1118lm, CRI90 CL.I, LED integrado;A04231;50;5;17;PT;OTROS;FALSO;PT;A04231;;;;0,001093;0,48;0;0;;;53;
R411710B;Isquia Track light 4117/6 Blanco texturado, LED COB 13W 3000K 1200lm, CRI95 CL.I, Orientable, Trifásico universal;A04231;88;4;9;PT;ACB;FALSO;PT;A04231;;;;0,002142;0,43;0;0;;;88;
K1002480N;Easy Link Kit Base Negro Texturado, LED E27 15W, CL.I, Sin iluminación;A04240;516;7;17;PT;ACB;FALSO;PT;A04240;;;;0,000468;0,17;0;0;;;519;
P37642B;Zoom Plafón 3764/45 Blanco Texturado, LED GU10 8W, CL.I;A04240;62;7;8;PT;ACB;FALSO;PT;A04240;;;;0,001985;0,76;0;0;;;62;
E2062071GR;Nashira Empotrable 2062 Antracita Texturado, LED 2.2W 299lm, CRI80 CL.I IP65, 2200K-2700K-3200K-4000K Slide Switch;A04241;253;1;2;PT;ACB;FALSO;PT;A04241;;;;0,001352;0,46;0;0;A03 24 2 (;;256;
E377109N;Kidal Empotrable 3771/8 Negro Texturado, LED COB 7W 2700K 610lm, CRI90 CL.II IP44/IP20, LED integrado;A04241;28;3;6;PT;OTROS;FALSO;PT;A04241;E3771092NSD;A05151;320;0,001509;0,28;0;0;;;28;
A38140N;Robin Aplique 16/3814 Negro Texturado, LED 21W 3000K 1625lm, CRI90 CL.I, LED integrado;A04250;54;5;9;PT;ACB;FALSO;PT;A04250;;;;0,004958;1,68;0;0;;;54;
H2076000GR;Shedir Baliza 2076 Antracita Texturado, LED 12W 3000K 1230lm, CRI90 CL.I IP65, LED integrado;A04250;138;2;2;PT;ACB;FALSO;PT;A04250;;;;0,010701;1,11;0;0;;B09 22 2 (100);140;
A3089172OT;Icon Aplique 16/3089-10 Oro Técnico, LED 8.5W 890lm, CRI90 CL.II, LED integrado, 2700K-3000K-4000K Slide Switch;A04251;63;3;9;PT;ACB;FALSO;PT;A04251;;;;0,00162;0,605;0;0;;"
";63;
S30540B;Mirta Sobremesa 3054/35 Blanco, LED E27 15W, CL.II, Interruptor de cable;A04251;10;5;7;PT;ACB;FALSO;PT;A04251;;;;0,01536;0,786;0;0;;;10;
6CON411605N;EMPALME PARA UNION DE CARRIL TRIFÁSICO NEGRO LARGO ELECTRIFICADO;A04260;70;11;14;PT;ACB;FALSO;COMP;A04260;;;;0,000175;0,11;0;0;;;70;
E3949090N;Dot Empotrable 3949/4 Negro, LED 3W 2700K 245lm, CRI90 CL.II IP44/IP20;A04260;244;3;5;PT;ACB;FALSO;PT;A04260;;;;0,000784;0,155;0;0;;;244;
K1001241N;Invisible Kit Colgante 3980 Tapa final Negro Texturado, Sin iluminación, Sin instalación;A04260;29;3;9;PT;ACB;FALSO;PT;A04260;;;;0,000468;0,14;0;0;;;101;
K0008240TA;Pipe SLIM Tulipa Ø200mm Transparente Arenado;A04261;8;7;10;PT;ACB;FALSO;PT;A04261;K0008240T;A03120;239;0,015625;0,65;0;0;;;8;
P3874080B;Gina Plafón 3874/3 Blanco Texturado, LED GU10 3x8W, CL.I, Orientable;A04261;110;8;9;PT;ACB;FALSO;PT;A04261;;;;0,007087;0,995;0;0;A10 03 1  ;;110;
A3833471N;Fosca Aplique 16/3833-40 Negro Texturado, LED 10W 1050lm, CRI90 CL.I, LED integrado, 2700K-3000K-4000K Slide Switch;A04270;247;3;3;PT;ACB;FALSO;PT;A04270;;;;0,002665;1,09;0;0;A04 24 2 (;;247;
A3986000N;Pipe Aplique 16/3986 Negro Texturado, LED COB 12W 3000K 1430lm, CRI90 CL.I;A04270;210;4;9;PT;ACB;FALSO;PT;A04270;;;;0,000819;0,44;0;0;;;210;
K0008540N;Pipe 3986 Soporte Panel Acústico Ø60 mm Negro Texturado;A04271;133;;1;PT;ACB;FALSO;PT;A04271;;;;0,00063;0,1;0;0;;;133;
P3986001B;Pipe Plafón 3986/60 Ø60x300mm Blanco Texturado, LED COB 12W 3000K 1430lm, CRI90 CL.I, LED integrado;A04271;91;5;14;PT;ACB;FALSO;PT;A04271;;;;0,000845;0,46;0;0;;;93;
6CONCLGN;ADAPTADOR COLGANTE CARRIL TRIFASICO NEGRO CON ANTI-TIRON;A04280;129;3;6;PT;ACB;FALSO;COMP;A04280;;;;0,000266;0,05;0;0;;;129;
ACB62369;Bombilla 62369 LED GU10 5W 120º 3000K 450lm CRI80;A04280;85;2;9;PT;ACB;FALSO;PT;A04280;;;;0,000211;0,052;0;0;;;85;
ACB62431;Bombilla Globo 62431 LED E14 9W 180º 3000K 1100lm CRI80;A04280;19;2;6;PT;ACB;FALSO;PT;A04280;;;;0,000211;0,6;0;0;;;19;
ACB62592;Bombilla 62592 LED E27 6W 190º 2700K 660lm CRI80;A04280;206;13;19;PT;ACB;FALSO;PT;A04280;;;;0,000189;0,32;0;0;;;206;
F3986080B;Pipe Foco 3986/60 Ø60x130 mm Blanco Texturado, LED GU10 8W, CL.I, Orientable;A04281;273;16;23;PT;ACB;FALSO;PT;A04281;;;;0,000845;0,46;0;0;A04 28 3 (;;273;
P35541B;Hera Empotrable 3554/8 Blanco Texturado, LED GU10 8W, CL.II IP54/IP20;A04281;209;1;1;PT;ACB;FALSO;PT;A04281;;;;0,00065;0,215;0;0;;;209;
E37880N;Antea Empotrable 3788/10 Negro Texturado, LED GU10 8W, CL.II;A04290;199;1;4;PT;ACB;FALSO;PT;A04290;;;;0,000569;0,16;0;0;;"
";199;
K4000040T;Pipe SLIM Pantalla Ø32mm Transparente/Arenado;A04290;104;3;7;PT;ACB;FALSO;PT;A04290;;;;0,0001;0,04;0;0;;;104;
K4001240N;Custo 3818 Pantalla cilíndrica Ø94x170 mm Negro Texturado/Opal;A04290;62;2;5;PT;ACB;FALSO;PT;A04290;C3818172N;A02161;207;0;0;0;0;;;64;
E3980100N;Invisible Empotrable 3980/280 Negro Texturado, LED 24W 3000K 1790lm, CRI90 CL.II, LED integrado;A04291;155;;3;PT;ACB;FALSO;PT;A04291;;;;0,00156;0,58;0;0;;;155;
K1002045N;Pipe Kit Base Empotrable Ø60mm Negro Texturado, Sin iluminación;A04291;177;11;20;PT;ACB;FALSO;PT;A04291;;;;0,0006;0,12;0;0;;;201;
A3833171O;Fosca Aplique 16/3833-60 Oro Técnico, LED 18W 1800lm, CRI90 CL.I, LED integrado, 2700K-3000K-4000K Slide Switch;A04300;100;4;8;PT;ACB;FALSO;PT;A04300;;;;0,004197;1,625;0;0;A04 30 2  ;;107;
P36781B;Velt Empotrable 3678/9 Blanco Texturado, LED GU10 8W, CL.II IP64/IP20;A04300;353;1;5;PT;ACB;FALSO;PT;A04300;;;;0,000907;0,24;0;0;;;353;
E3986000N;Pipe Empotrable 3986 Negro Texturado, LED COB 12W 3000K 1430lm, CRI90 CL.II, LED integrado;A04301;162;4;6;PT;ACB;FALSO;PT;A04301;;;;0,000845;0,46;0;0;;;169;
P343641B;Roku Plafón 3436/27 Blanco, LED 24W 4000K 1930lm, CRI90 CL.II, LED integrado;A04301;13;2;5;PT;OTROS;FALSO;PT;A04301;;;;0,002793;1,2;6;0;;;19;
A3925100NM;Atria MINI Aplique 16/3925 Níquel Mate, LED 3W 3000K 285lm, CRI90 CL.I, LED integrado, Con interruptor, Orientable;A04310;295;1;4;PT;ACB;FALSO;PT;A04310;;;;0,000578;0,265;0;0;;;295;
A3972170BDP;Brick Aplique 16/3972-38 Blanco Texturado, LED 38W 4340lm, CRI90 CL.I, LED integrado, 2700K-3000K Slide Switch, Dim. DALI/Push, Difusor Microprismático, ON-DEMAND **;A04310;0;;1;PT;OTROS;FALSO;PT;A04310;A3972172B;A03310;133;0,004998;2,07;0;0;;;1;
P3987070NDP;Tech Plafón 3987/10 Negro Texturado, LED 9W 1380lm, CRI90 CL.I IP44, LED integrado, 3000K-4000K Slide Switch, Dim. DALI/Push, Difusor Microprismático, ON-DEMAND **;A04310;288;;2;PT;ACB;FALSO;PT;A04310;P3987070N;A02181;472;0,001;0,44;0;0;A03 27 2 (;;288;
1BIS1005B;Move Bisel 3xØ85mm Cuadrado Blanco Texturado;A04311;119;;;PT;OTROS;FALSO;COMP;A04311;;;;0,00132;0,38;0;0;A04 33 3 (;;119;
K0017040B;Glowi Bisel Blanco Texturado;A04311;297;1;3;PT;OTROS;FALSO;PT;A04311;;;;0,001512;0,275;0;0;A06 33 1 (;;297;
K1010080N;Tiga Kit Colgante 3707 Negro Texturado, LED E27 15W, CL.I;A04311;80;;1;PT;ACB;FALSO;PT;A04311;1CAM370771NN;;0;0;0;0;0;;;80;
1BIS1000N;Move Bisel Ø64mm Circular Negro Texturado;A04320;510;3;8;PT;OTROS;FALSO;COMP;A04320;;;;0,000238;0,07;0;0;;;516;
A3089472N;Icon Aplique 16/3089-50 Negro Texturado, LED 32W 3162lm, CRI90 CL.II, LED integrado, 2700K-3000K-4000K Slide Switch;A04320;20;5;5;PT;ACB;FALSO;PT;A04320;;;;0,006213;1,905;0;0;;;22;
A3986000B;Pipe Aplique 16/3986 Blanco Texturado, LED COB 12W 3000K 1430lm, CRI90 CL.I;A04321;146;2;5;PT;ACB;FALSO;PT;A04321;;;;0,000819;0,44;1;0;;;149;
P36791B;San Empotrable 3679/1 Blanco, LED GU10 8W, CL.II;A04321;0;2;4;PT;OTROS;FALSO;PT;A04321;;;;0,000885;0,24;0;0;;;65;
1EMB0005AT;Embellecedor 0005 Tulipa Cristal Pipe SLIM 3986S Acrílico Transparente;A04330;61;1;1;PT;OTROS;FALSO;COMP;A04330;;;;0;0;0;0;;;61;
1EMB0005B;Embellecedor 0005 Tulipa Cristal Pipe SLIM 3986S Blanco;A04330;35;;;PT;OTROS;FALSO;COMP;A04330;;;;0;0;0;0;;;35;
1EMB0005N;Embellecedor 0005 Tulipa Cristal Pipe SLIM 3986S Negro;A04330;35;1;1;PT;OTROS;FALSO;COMP;A04330;;;;0;0;0;0;;;35;
K0016040AL;Lumo Bisel Aluminio Cepillado;A04330;38;;2;PT;OTROS;FALSO;PT;A04330;;;;0,001152;0,24;0;0;;;38;
K1002144N;Easy Link Unión T 90 Negro;A04330;105;7;12;PT;ACB;FALSO;PT;A04330;;;;0,0006;0,18;0;0;;;110;
K1002344B;Easy Link Pletina Instalación Pared Blanco;A04330;72;;;PT;ACB;FALSO;PT;A04330;;;;0,000238;0,1;0;0;;;72;
K1002346N;Easy Link Kit Suspensión Unión Interna Perfiles Negro Texturado;A04330;43;1;1;PT;ACB;FALSO;PT;A04330;;;;0;0,001;0;0;;;48;
K1002347N;Easy Link Tapa Final Perfiles Negro Texturado;A04330;20;;;PT;ACB;FALSO;PT;A04330;;;;0;0;0;0;;;20;
K3000341T;Pipe SLIM Lente Ø32mm 50° Transparente;A04330;41;;;PT;OTROS;FALSO;PT;A04330;;;;0,000075;0,01;0;0;;;41;
KDRV012DT;Kit Driver CC200-350mA/14W, CL.II;A04330;38;7;10;PT;OTROS;FALSO;PT;A04330;;;;0;0,001;0;0;;;87;
E2062171GR;Nashira Empotrable 2062 Antracita Texturado, LED 4.5W 588lm, CRI80 CL.I IP65, 2200K-2700K-3200K-4000K Slide Switch;A04331;108;3;4;PT;ACB;FALSO;PT;A04331;;;;0,001692;0,71;0;0;A04 26 2 (;;110;
E3984090BSP;Move Empotrable 3984/6 Módulo Blanco Texturado, LED COB 5W 2700K 380lm, CRI90 CL.II IP44/IP20, LED integrado, Sin bisel;A04331;25;1;3;PT;OTROS;FALSO;PT;A04331;E3984070BSPSD;;692;0,000618;0,205;0;0;;;25;
K1002145B;Easy Link Unión X Blanco;A04331;41;;;PT;ACB;FALSO;PT;A04331;;;;0,000759;0,19;0;0;;;41;
K1002340B;Easy Link Unión L Techo Pared Blanco;A04331;77;2;5;PT;ACB;FALSO;PT;A04331;;;;0,000238;0,06;0;0;;;77;
K1002348B;Easy Link Unión Vertical Conectores Blanco Texturado;A04331;20;;;PT;ACB;FALSO;PT;A04331;;;;0;0;0;0;;;20;
K1002348N;Easy Link Unión Vertical Conectores Negro Texturado;A04331;14;3;3;PT;ACB;FALSO;PT;A04331;;;;0;0;0;0;;;14;
K3001040T;Move Lente Ø85mm 15° Transparente;A04331;77;;;PT;ACB;FALSO;PT;A04331;E3984170BSPSD;;1393;0,000075;0,03;0;0;;;77;
K3003040;Gina Lente Honeycomb Ø57mm;A04331;295;2;2;PT;ACB;FALSO;PT;A04331;;;;0;0,1;0;0;;;295;
P35541C;Hera Empotrable 3554/8 Cromo, LED GU10 8W, CL.II IP54/IP20;A04331;59;1;3;PT;ACB;FALSO;PT;A04331;P35541B;A04281;209;0,00065;0,215;0;0;;;59;
K1002040BDP;Easy Link Kit Colgante Blanco Texturado, CL.I, Dim. DALI/Push, Sin iluminación, ON-DEMAND **;A04332;28;;;PT;ACB;FALSO;PT;A04332;K1002040B;A10291;56;0,001296;0,5;0;0;;;28;
K1002343B;Easy Link Fijación Perfil Pared Blanco;A04332;69;;;PT;ACB;FALSO;PT;A04332;;;;0,000238;0,08;0;0;;;69;
K1002343N;Easy Link Fijación Perfil Pared Negro;A04332;77;;1;PT;ACB;FALSO;PT;A04332;;;;0,000238;0,08;0;0;;;78;
K1002346B;Easy Link Kit Suspensión Unión Interna Perfiles Blanco Texturado;A04332;50;;;PT;ACB;FALSO;PT;A04332;;;;0;0;0;0;;;50;
K1005040N;Kidal 3771/8 Adaptador Negro Texturado Ø95 mm Sin iluminación, Sin instalación;A04332;74;2;3;PT;ACB;FALSO;PT;A04332;E3771002NSD;A05141;103;0,000702;0,11;0;0;;;74;
K1005440B;Kidal 3771/6 Adaptador Blanco Texturado Ø80 mm Sin iluminación, Sin instalación;A04332;100;5;7;PT;ACB;FALSO;PT;A04332;E3771202BSD;A05121;251;0;0;0;0;;;159;
K1005440N;Kidal 3771/6 Adaptador Negro Texturado Ø80 mm Sin iluminación, Sin instalación;A04332;50;1;1;PT;ACB;FALSO;PT;A04332;E3771202NSD;A05161;36;0;0;0;0;;;99;
K3001140T;Move Lente Ø85mm 55° Transparente;A04332;53;4;4;PT;ACB;FALSO;PT;A04332;E3984170BSPSD;;1393;0,000075;0,02;0;0;;;58;
K5000001;Juego de destornilladores y puntas  con Logo ACB;A04332;0;;1;PT;OTROS;FALSO;PT;A04332;;;;0,000242;0,3;0;0;;;8;
KDRV014DT;Kit Driver CC800-1050mA/40W, CL.II;A04332;26;;;PT;OTROS;FALSO;PT;A04332;;;;0;0;0;0;;;30;
P3980201B;Invisible Plafón  Ø70mm Circular Blanco Texturado, LED 9W 3000K 680lm, CRI90 CL.I;A04332;153;1;2;PT;ACB;FALSO;PT;A04332;;;;0,00064;0,305;0;0;A04 32 2 (;;153;
A2061071B;Spica Aplique 16/2061 Blanco Texturado, LED 2.2W 299lm, CRI80 CL.I IP65, 2200K-2700K-3200K-4000K Slide Switch;A04333;250;;1;PT;ACB;FALSO;PT;A04333;;;;0;0,25;0;0;A03 31 2 (;;250;
A2061071GR;Spica Aplique 16/2061 Antracita Texturado, LED 2.2W 299lm, CRI80 CL.I IP65, 2200K-2700K-3200K-4000K Slide Switch;A04333;152;8;10;PT;ACB;FALSO;PT;A04333;;;;0;0,25;0;0;A03 31 2 (;;152;
K1002040NDP;Easy Link Kit Colgante Negro Texturado, CL.I, Dim. DALI/Push, Sin iluminación, ON-DEMAND **;A04333;28;;;PT;ACB;FALSO;PT;A04333;K1002040N;A08372;51;0,001296;0,5;0;0;;;28;
K1002341B;Easy Link Embellecedor con salida Blanco;A04333;79;;1;PT;ACB;FALSO;PT;A04333;;;;0,000468;0,14;0;0;;;79;
K3002440T;Kidal Reflector Ø130mm 15° Transparente;A04333;70;;;PT;ACB;FALSO;PT;A04333;E3771302BSD;;117;0;0;0;0;;;70;
K0009090B;Base múltiple rectangular 680x87 mm 3 salidas Blanco Texturado;A04363;50;;;PT;ACB;FALSO;PT;A04363;;;;0;0;0;0;A01 34 2 (;;50;
A3568100NM;Manat MINI Aplique 16/3568M Níquel Mate, LED 4W 3000K 330lm + 3W 3000K 285lm, CRI90 CL.I, Dos interruptores, Orientable;A05010;236;6;6;PT;ACB;FALSO;PT;A05010;;;;0,001176;0,505;0;0;;;238;
E392510NM;Atria Empotrable 16/3925 Níquel Mate, LED 3W 3000K 285lm, CRI90 CL.I, LED integrado, Con interruptor, Orientable;A05010;16;5;10;PT;ACB;FALSO;PT;A05010;;;;0,0013;0,39;0;0;;;18;
E3984170BSPDP;Move Empotrable 3984/8 Módulo Blanco Texturado, LED COB 12W 1134lm, CRI90 CL.II IP44/IP20, 2700K-3000K Slide Switch, Dim. DALI/Push, Sin bisel;A05011;63;3;6;PT;OTROS;FALSO;PT;A05011;E3984170BSPSD;;1393;0,000836;0,29;0;0;A06 05 1 (;"
";63;
K0008340O;Pipe SLIM Bisel Ø32mm Oro Técnico, Sin iluminación;A05011;54;1;2;PT;ACB;FALSO;PT;A05011;;;;0,000238;0,04;0;0;;;54;
P343511B;Kore Plafón 3435/9 Blanco, LED 6W 4000K 420lm, CRI90 CL.II, LED integrado;A05011;113;2;12;PT;OTROS;FALSO;PT;A05011;;;;0,000402;0,17;0;0;;;113;
P343640N;Roku Plafón 3436/27 Negro Texturado, LED 24W 3000K 1930lm, CRI90 CL.II, LED integrado;A05011;18;;1;PT;OTROS;FALSO;PT;A05011;P343640B;B01101;0;0,002842;1,36;0;0;;;18;
K1002045B;Pipe Kit Base Empotrable Ø60mm Blanco Texturado, Sin iluminación;A05020;235;7;15;PT;ACB;FALSO;PT;A05020;;;;0,0006;0,1;0;0;;;258;
P3852072B;Koe Plafón Ø230mm Blanco Texturado, LED 18W 2160lm, CRI90 CL.II IP43, 3000K-4000K Slide Switch;A05020;100;17;28;PT;ACB;FALSO;PT;A05020;;;;0,001728;0,52;0;0;;;116;
A3989100ON;Lux Aplique 16/3989-2 Oro Técnico/Negro, LED COB 2x6W 3000K 1430lm, CRI90 CL.I, LED integrado;A05021;36;1;6;PT;ACB;FALSO;PT;A05021;;;;0,00133;0,76;0;0;;;36;
E3925100N;Atria MINI Empotrable 16/3925 Negro Texturado, LED 3W 3000K 285lm, CRI90 CL.I, LED integrado, Con interruptor, Orientable;A05021;31;6;8;PT;ACB;FALSO;PT;A05021;;;;0,00088;0,245;0;0;A05 29 1(1;;31;
P2082071GR;Kuma Plafón 2082/16 Antracita Texturado, LED 10W 630lm, CRI90 CL.I IP65, 2700K-3000K Slide Switch;A05022;94;2;3;PT;ACB;FALSO;PT;A05022;;;;0,00231;0,88;0;0;;;94;
A2038101GR;Zen Aplique 16/2038-25 Antracita Texturado, LED 10W 3000K 720lm, CRI90 CL.I IP65, LED integrado;A05030;59;1;2;PT;ACB;FALSO;PT;A05030;;;;0,001971;0,4;0;0;;;59;
A3989100NN;Lux Aplique 16/3989-2 Negro Texturado/Negro, LED COB 2x6W 3000K 1430lm, CRI90 CL.I, LED integrado;A05031;27;3;3;PT;ACB;FALSO;PT;A05031;;;;0,00133;0,76;0;0;;;27;
K1013080N;Kit Colgante 2,5m Negro Texturado, LED E27 15W, CL.II;A05031;185;11;17;PT;ACB;FALSO;PT;A05031;;;;0,001587;0,28;0;0;A05 20 1 (;;193;
K1013180B;Kit Colgante 6m Blanco Texturado, LED E27 15W, CL.II;A05031;250;;;PT;ACB;FALSO;PT;A05031;;;;0;0;0;0;A05 25 1 (;;250;
KDRV004;Kit Driver CC350mA/15W, CL.II;A05040;1396;44;71;PT;OTROS;FALSO;PT;A05040;;;;0,00015;0,06;0;0;;;1798;
P3989000NN;Lux Plafón 3989/60 Negro Texturado/Negro, LED COB 12W 3000K 1430lm, CRI90 CL.I, LED integrado;A05040;229;;;PT;ACB;FALSO;PT;A05040;;;;0,000686;0,425;0;0;;;229;
81CON34536N;Isia Kit Colgante CONJ.COL.3453 NGRO 6M Negro, CL.I;A05041;96;1;1;PT;ACB;FALSO;COMP;A05041;;;;0;0,001;0;0;;;96;
A3945002B;Corvus Aplique Blanco Texturado, LED 7.5W 3000K 675lm, CRI90 CL.I IP54;A05041;231;1;1;PT;ACB;FALSO;PT;A05041;;;;0,001796;0,755;0;0;A05 15 2 (;;232;
KDRV002;Kit Driver CC150mA/6W, CL.II;A05050;1574;39;58;PT;OTROS;FALSO;PT;A05050;;;;0,00021;0,065;0;0;A05 02 2 (;;1645;
P3947080N;Musca Plafón 3947/10 Negro Texturado, LED GU10 8W, CL.I;A05050;170;4;4;PT;ACB;FALSO;PT;A05050;;;;0;0,001;0;0;A06 15 1 (;;170;
ACB62427;Bombilla 62427 LED GU10 7W 60º 4000K 700lm CRI80;A05051;84;1;9;PT;ACB;FALSO;PT;A05051;;;;0,000211;0,05;0;0;;;84;
ACB62584;Bombilla 62584 LED GU10 7W 60º 3000K 600lm CRI80 Regulable intensidad;A05051;54;2;6;PT;ACB;FALSO;PT;A05051;;;;0;0,058;0;0;;;62;
E3925101N;Atria MINI SQUARE Empotrable 16/3925  Negro Texturado, LED 3W 3000K 285lm, CRI90 CL.I, LED integrado, Con interruptor, Orientable;A05051;243;1;2;PT;ACB;FALSO;PT;A05051;;;;0,00088;0,25;0;0;A05 29 1 (;;247;
K1013080B;Kit Colgante 2,5m Blanco Texturado, LED E27 15W, CL.II;A05060;189;7;9;PT;ACB;FALSO;PT;A05060;;;;0,001587;0,28;0;0;A05 13 2 (;;195;
P3947080B;Musca Plafón 3947/10 Blanco Texturado, LED GU10 8W, CL.I;A05060;216;2;3;PT;ACB;FALSO;PT;A05060;;;;0;0;0;0;A05 13 2 (;;216;
C8163082NLSP;Maui Colgante 8163 Negro Mate Liso, LED E27 15W, CL.I, Sin tulipa;A05061;152;8;9;PT;ACB;FALSO;PT;A05061;;;;0,0055;0,625;0;0;A05 05 2 (;;153;
E3925101NM;Atria MINI SQUARE Empotrable 16/3925  Níquel Mate, LED 3W 3000K 285lm, CRI90 CL.I, LED integrado, Con interruptor, Orientable;A05061;181;2;8;PT;ACB;FALSO;PT;A05061;;;;0,00088;0,25;0;0;A05 23 1(1;;183;
C3945000B;Corvus Colgante 3945 Blanco Texturado, LED 7.5W 3000K 675lm, CRI90 CL.I, LED integrado;A05070;1;;;PT;OTROS;FALSO;PT;A05070;C3945002B;A02200;94;0,005168;0,6;0;0;A05 07 2 (;;150;
E3984176NSPSD;Move Empotrable 3984/8 Módulo Negro Texturado, LED COB 12W 1425lm, CRI90 CL.II IP44/IP20, 3000K-4000K Slide Switch, Sin bisel, Sin Driver;A05070;329;2;2;PT;OTROS;FALSO;PT;A05070;;;;0,00088;0,245;0;0;A05 19 2 (;;329;
A2081000GR;Hamal Aplique Antracita Texturado, LED COB 9W 3000K 811lm, CRI80 CL.I IP65;A05071;104;2;10;PT;ACB;FALSO;PT;A05071;;;;0,002551;1,29;0;0;A06 11 1 (;;105;
S8163082NLSP;Maui Sobremesa 8163 Negro Mate Liso, LED E27 15W, CL.II, Sin tulipa;A05071;15;3;4;PT;ACB;FALSO;PT;A05071;;;;0,027041;1,865;0;0;A06 11 1 (;;16;
K1013180N;Kit Colgante 6m Negro Texturado, LED E27 15W, CL.II;A05080;244;2;3;PT;ACB;FALSO;PT;A05080;;;;0;0,001;0;0;A05 17 2 (;;244;
P3998270N;Alis Plafón Ø200mm Negro Texturado, LED 25W 3300lm, CRI90 CL.I IP44, 2700K-4000K Slide Switch;A05080;89;3;5;PT;ACB;FALSO;PT;A05080;;;;0,004305;1,28;0;0;A05 10 2(4;;89;
E3771102NSD;Kidal Empotrable Ø100mm Negro Texturado, LED COB 12,5W 3000K 1340lm, CRI90 CL.II IP44/IP20, Sin Driver;A05081;157;9;16;PT;OTROS;FALSO;PT;A05081;;;;0,001509;0,35;0;0;;;203;
E3987270BSD;Tech Empotrable Ø210mm Blanco Texturado, LED 32.5W 3880lm, CRI90 CL.II IP65/IP20, 3000K-4000K Slide Switch, Difusor Microprismático, Sin Driver;A05081;294;1;2;PT;OTROS;FALSO;PT;A05081;;;;0,005557;1,265;0;0;A05 10 3 (;;298;
A3089572OT;Icon Aplique 16/3089-70 Oro Técnico, LED 46W 4543lm, CRI90 CL.II, LED integrado, 2700K-3000K-4000K Slide Switch;A05082;51;1;1;PT;ACB;FALSO;PT;A05082;;;;0,008208;2,295;0;0;;;52;
P3764380B;Zoom Plafón 3764/30 Blanco Texturado, LED GU10 8W, CL.I;A05090;462;10;11;PT;ACB;FALSO;PT;A05090;;;;0,001309;0,475;0;0;A01 32 3 (;;462;
P3998070N;Alis Plafón Ø100mm Negro Texturado, LED 9W 1408lm, CRI90 CL.I IP44, 2700K-4000K Slide Switch;A05090;226;7;14;PT;ACB;FALSO;PT;A05090;;;;0,001086;0,435;0;0;;;226;
A3568100N;Manat MINI Aplique 16/3568M Negro Texturado, LED 4W 3000K 330lm + 3W 3000K 285lm, CRI90 CL.I, Dos interruptores, Orientable;A05091;380;6;7;PT;ACB;FALSO;PT;A05091;;;;0,001176;0,505;0;0;A05 02 3  ;;381;
E3984074BSPSD;Move Empotrable 3984/6 Módulo Blanco Texturado, LED COB 5W 590lm, CRI90 CL.II IP44/IP20, 3000K-4000K Slide Switch, Sin bisel, Sin Driver;A05091;235;1;1;PT;OTROS;FALSO;PT;A05091;;;;0,000618;0,155;0;0;;;235;
KDRV009DP;Kit Driver CC100-800mA/20W, CL.II;A05091;1579;6;16;PT;OTROS;FALSO;PT;A05091;;;;0,000135;0,105;0;0;A05 09 2 (;;1604;
KDRV010DP;Kit Driver CC300-1050mA/44W, CL.II;A05100;800;;;PT;OTROS;FALSO;PT;A05100;;;;0,000157;0,16;0;0;A05 10 2(5;;800;
P3764380N;Zoom Plafón 3764/30 Negro Texturado, LED GU10 8W, CL.I;A05100;675;30;58;PT;ACB;FALSO;PT;A05100;;;;0,001309;0,475;0;0;A06 13 1 (;;686;
P3998070B;Alis Plafón Ø100mm Blanco Texturado, LED 9W 1408lm, CRI90 CL.I IP44, 2700K-4000K Slide Switch;A05100;145;6;12;PT;ACB;FALSO;PT;A05100;;;;0,001086;0,435;0;0;;;155;
K1002345B;Easy Link Unión Interna Perfiles Blanco Texturado;A05101;40;;;PT;ACB;FALSO;PT;A05101;;;;0;0;0;0;;;40;
KDRV007;Kit Driver CC700mA/30W, CL.II;A05101;411;1;7;PT;OTROS;FALSO;PT;A05101;;;;0,000218;0,085;0;0;;;411;
KDRV008;Kit Driver CC950mA/38W, CL.II;A05101;448;1;2;PT;OTROS;FALSO;PT;A05101;;;;0,000218;0,11;0;0;;;448;
P3998170B;Alis Plafón Ø150mm Blanco Texturado, LED 18W 2420lm, CRI90 CL.I IP44, 2700K-4000K Slide Switch;A05110;123;5;13;PT;ACB;FALSO;PT;A05110;;;;0,002356;0,755;0;0;A06 04 1 (;;124;
P3998170N;Alis Plafón Ø150mm Negro Texturado, LED 18W 2420lm, CRI90 CL.I IP44, 2700K-4000K Slide Switch;A05110;171;3;4;PT;ACB;FALSO;PT;A05110;;;;0,002356;0,755;0;0;A06 06 1 (;;171;
K1002345N;Easy Link Unión Interna Perfiles Negro Texturado;A05111;31;2;2;PT;ACB;FALSO;PT;A05111;;;;0;0,001;0;0;;;36;
KDRV001;Kit Driver CC100mA/4W, CL.II;A05111;1333;16;17;PT;OTROS;FALSO;PT;A05111;;;;0,00015;0,045;0;0;;;1402;
KDRV006;Kit Driver CC300mA/12W, CL.II;A05111;350;9;13;PT;OTROS;FALSO;PT;A05111;;;;0,00015;0,06;0;0;;;356;
81CON34536B;Isia Kit Colgante CONJ.COL.3453 BCO 6M Blanco, CL.I;A05120;150;;;PT;ACB;FALSO;COMP;A05120;;;;0;0;0;0;A05 12 1 (;;150;
81CON34536NDP;Isia Kit Colgante CONJ.COL.3453 NGRO 6M Negro, CL.I, Dim. DALI/Push, ON-DEMAND **;A05120;95;1;1;PT;ACB;FALSO;COMP;A05120;81CON34536N;A05041;96;0;0;0;0;;;95;
E3771202BSD;Kidal Empotrable Ø60mm Blanco Texturado, LED COB 5W 3000K 605lm, CRI90 CL.II IP44/IP20, Sin Driver;A05121;251;11;18;PT;OTROS;FALSO;PT;A05121;;;;0,000747;0,125;0;0;;;251;
E3985171BSD;Safe Empotrable Ø110mm Blanco Texturado, LED COB 12W 1340lm, CRI90 CL.II IP65/IP20, 3000K-4000K Slide Switch, Sin Driver;A05121;105;2;4;PT;OTROS;FALSO;PT;A05121;;;;0,001265;0,425;0;0;;;107;
E3987170NSD;Tech Empotrable Ø165mm Negro Texturado, LED 25W 3050lm, CRI90 CL.II IP65/IP20, 3000K-4000K Slide Switch, Difusor Microprismático, Sin Driver;A05121;129;;3;PT;OTROS;FALSO;PT;A05121;;;;0,0035;0,79;0;0;A06 12 1 (;;129;
81CON3912B;Kit Base Blanco Texturado, LED E27 15W, CL.I;A05122;278;4;7;PT;ACB;FALSO;COMP;A05122;;;;0,000729;0,22;0;0;;;283;
81CON34536BDP;Isia Kit Colgante CONJ.COL.3453 BCO 6M Blanco, CL.I, Dim. DALI/Push, ON-DEMAND **;A05130;69;2;2;PT;ACB;FALSO;COMP;A05130;81CON34536B;A05120;150;0;0,001;0;0;;;69;
E3984170NSPSD;Move Empotrable 3984/8 Módulo Negro Texturado, LED COB 12W 1305lm, CRI90 CL.II IP44/IP20, 2700K-3000K Slide Switch, Sin bisel, Sin Driver;A05130;368;7;18;PT;OTROS;FALSO;PT;A05130;;;;0,000836;0,24;0;0;A05 14 2 );;548;
E3771292BSD;Kidal Empotrable Ø60mm Blanco Texturado, LED COB 5W 2700K 560lm, CRI90 CL.II IP44/IP20, Sin Driver;A05131;377;3;7;PT;OTROS;FALSO;PT;A05131;;;;0,000747;0,125;0;0;A05 14 2 (;;377;
E3987070BSD;Tech Empotrable Ø100mm Blanco Texturado, LED 11W 1560lm, CRI90 CL.II IP65/IP20, 3000K-4000K Slide Switch, Difusor Microprismático, Sin Driver;A05131;217;8;11;PT;OTROS;FALSO;PT;A05131;;;;0,001474;0,39;0;0;A06 13 1  ;;224;
E3987070NSD;Tech Empotrable Ø100mm Negro Texturado, LED 11W 1560lm, CRI90 CL.II IP65/IP20, 3000K-4000K Slide Switch, Difusor Microprismático, Sin Driver;A05140;54;1;3;PT;OTROS;FALSO;PT;A05140;;;;0,001474;0,39;0;0;;;54;
E3987270NSD;Tech Empotrable Ø210mm Negro Texturado, LED 32.5W 3880lm, CRI90 CL.II IP65/IP20, 3000K-4000K Slide Switch, Difusor Microprismático, Sin Driver;A05140;150;;;PT;OTROS;FALSO;PT;A05140;;;;0,005557;1,265;0;0;A06 26 1 (;;150;
E3771002NSD;Kidal Empotrable Ø83mm Negro Texturado, LED COB 7W 3000K 830lm, CRI90 CL.II IP44/IP20, Sin Driver;A05141;103;12;24;PT;OTROS;FALSO;PT;A05141;;;;0,001509;0,225;0;0;;;103;
E3771092BSD;Kidal Empotrable Ø83mm Blanco Texturado, LED COB 7W 2700K 775lm, CRI90 CL.II IP44/IP20, Sin Driver;A05141;518;6;12;PT;OTROS;FALSO;PT;A05141;;;;0,001509;0,225;0;0;A05 16 3 (;"
";518;
E3771400NSD;Kidal Empotrable Ø49mm Negro Texturado, LED COB 4,5W 3000K 545lm, CRI90 CL.II IP44/IP20, Sin Driver;A05150;271;2;2;PT;OTROS;FALSO;PT;A05150;;;;0,000572;0,105;0;0;;;274;
E3987170BSD;Tech Empotrable Ø165mm Blanco Texturado, LED 25W 3050lm, CRI90 CL.II IP65/IP20, 3000K-4000K Slide Switch, Difusor Microprismático, Sin Driver;A05150;264;1;5;PT;OTROS;FALSO;PT;A05150;;;;0,0035;0,79;0;0;A06 16 1 (;;280;
E3771092NSD;Kidal Empotrable Ø83mm Negro Texturado, LED COB 7W 2700K 775lm, CRI90 CL.II IP44/IP20, Sin Driver;A05151;320;2;2;PT;OTROS;FALSO;PT;A05151;;;;0,001509;0,225;0;0;A06 29 1 (;;320;
K4001040O;Custo 3818 Pantalla esférica luz focal Ø94x46 mm Oro Técnico/Opal;A05151;94;2;5;PT;ACB;FALSO;PT;A05151;C3818172O;A02210;142;0;0;0;0;;;94;
E3984074NSPSD;Move Empotrable 3984/6 Módulo Negro Texturado, LED COB 5W 590lm, CRI90 CL.II IP44/IP20, 3000K-4000K Slide Switch, Sin bisel, Sin Driver;A05160;143;1;2;PT;OTROS;FALSO;PT;A05160;;;;0,000618;0,155;0;0;;;143;
KDRV003;Kit Driver CC200mA/8W, CL.II;A05160;2455;47;95;PT;OTROS;FALSO;PT;A05160;;;;0,000218;0,065;0;0;A05 22 1 (;;2473;
E3771202NSD;Kidal Empotrable Ø60mm Negro Texturado, LED COB 5W 3000K 605lm, CRI90 CL.II IP44/IP20, Sin Driver;A05161;36;5;5;PT;OTROS;FALSO;PT;A05161;;;;0,000747;0,125;0;0;;;36;
E3771490NSD;Kidal Empotrable Ø49mm Negro Texturado, LED COB 4,5W 2700K 505lm, CRI90 CL.II IP44/IP20, Sin Driver;A05161;98;3;3;PT;OTROS;FALSO;PT;A05161;;;;0,000572;0,105;0;0;;;98;
K4000440B;Pipe Pantalla Ø140mm Blanco Texturado;A05170;49;1;1;PT;ACB;FALSO;PT;A05170;;;;0;0;0;0;;;49;
K4000440N;Pipe Pantalla Ø140mm Negro Texturado;A05170;43;1;3;PT;ACB;FALSO;PT;A05170;;;;0;0;0;0;;;43;
A3568100B;Manat MINI Aplique 16/3568M Blanco Texturado, LED 4W 3000K 330lm + 3W 3000K 285lm, CRI90 CL.I, Dos interruptores, Orientable;A05171;361;3;6;PT;ACB;FALSO;PT;A05171;;;;0,001176;0,505;0;0;A05 15 3 (;;363;
E3771410BSD;Kidal Empotrable Ø49mm Blanco Texturado, LED COB 4,5W 4000K 585lm, CRI90 CL.II IP44/IP20, Sin Driver;A05171;200;;;PT;OTROS;FALSO;PT;A05171;;;;0,000572;0,105;0;0;;;200;
E3771410NSD;Kidal Empotrable Ø49mm Negro Texturado, LED COB 4,5W 4000K 585lm, CRI90 CL.II IP44/IP20, Sin Driver;A05171;150;;;PT;OTROS;FALSO;PT;A05171;;;;0,000572;0,105;0;0;;;150;
A3660001N;Panau Aplique 16/3660 Negro Texturado, LED 6W 3000K 540lm + 3W 3000K 212lm, CRI90 CL.I, LED integrado, Dos interruptores, Orientable;A05180;181;8;8;PT;ACB;FALSO;PT;A05180;;;;0,002432;0,62;0;0;A05 16 2 (;;181;
A3925100N;Atria MINI Aplique 16/3925 Negro Texturado, LED 3W 3000K 285lm, CRI90 CL.I, LED integrado, Con interruptor, Orientable;A05180;268;7;11;PT;ACB;FALSO;PT;A05180;;;;0,000578;0,265;0;0;;;270;
A3189073O;Gala Aplique 16/3189-43 Oro Tecnico, LED 20W 2430lm, CRI90 CL.I, LED integrado, 2700K-3000K-4000K Slide Switch;A05181;-16;5;13;PT;ACB;FALSO;PT;A05181;;;;0,006486;1,52;0;0;;;4;
E3771102BSD;Kidal Empotrable Ø100mm Blanco Texturado, LED COB 12,5W 3000K 1340lm, CRI90 CL.II IP44/IP20, Sin Driver;A05181;337;14;14;PT;OTROS;FALSO;PT;A05181;;;;0,001509;0,35;0;0;A06 09 1 (;;494;
E3771490BSD;Kidal Empotrable Ø49mm Blanco Texturado, LED COB 4,5W 2700K 505lm, CRI90 CL.II IP44/IP20, Sin Driver;A05181;20;3;4;PT;OTROS;FALSO;PT;A05181;;;;0,000572;0,105;0;0;;;85;
A3432070B;Aldo Aplique 16/3432-35 Opal/Blanco Texturado, LED 11W 775lm, CRI90 CL.II IP44, LED integrado, 3000K-4000K Slide Switch;A05190;225;2;3;PT;ACB;FALSO;PT;A05190;;;;0,002793;0,575;0;0;A05 12 3 (;;225;
A3432270B;Aldo Aplique 16/3432-83 Opal/Blanco Texturado, LED 32W 2330lm, CRI90 CL.II IP44, LED integrado, 3000K-4000K Slide Switch;A05190;97;1;3;PT;ACB;FALSO;PT;A05190;;;;0,006174;1,145;0;0;A05 13 3 (;"NO UBICAR HASTA QUE NO QUEDEN UNIDAD





";97;
E3771400BSD;Kidal Empotrable Ø49mm Blanco Texturado, LED COB 4,5W 3000K 545lm, CRI90 CL.II IP44/IP20, Sin Driver;A05191;347;5;6;PT;OTROS;FALSO;PT;A05191;;;;0,000572;0,105;0;0;;;347;
E3984176BSPSD;Move Empotrable 3984/8 Módulo Blanco Texturado, LED COB 12W 1425lm, CRI90 CL.II IP44/IP20, 3000K-4000K Slide Switch, Sin bisel, Sin Driver;A05191;452;9;12;PT;OTROS;FALSO;PT;A05191;;;;0,00088;0,245;0;0;A05 27 1 (;;452;
5PANT39137NAL;Pamela Pantalla Ø680x70mm Negro Texturado/Alga;A05200;2;1;5;PT;OTROS;FALSO;COMP;A05200;;;;0,047215;2,43;0;0;;;5;
P3759071N;Munich Plafón 3759/40 Negro Texturado, LED 26W 1983lm, CRI90 CL.I, LED integrado, 3000K-4000K Slide Switch;A05210;59;;4;PT;OTROS;FALSO;PT;A05210;P3759072N;A14350;46;0,0237;3,2;0;0;;;59;
K0014040T;Doris Tulipa Ø120mm Transparente;A05220;341;6;15;PT;ACB;FALSO;PT;A05220;;;;0,003048;0,24;0;0;A07 35 1 (;;341;
A3189073N;Gala Aplique 16/3189-43 Negro Texturado, LED 20W 2430lm, CRI90 CL.I, LED integrado, 2700K-3000K-4000K Slide Switch;A05221;63;2;2;PT;ACB;FALSO;PT;A05221;;;;0,006486;1,52;0;0;;;63;
C3946580OMSP;Parma Colgante Oro Viejo Mate, LED E27 7x15W, CL.I, Sin tulipa;A05230;27;3;3;PT;ACB;FALSO;PT;A05230;;;;0,144279;4,845;0;0;A07 18 1 (;A05 19 3 (8)      A09 29 2 (8);27;
A3730371N;Menorca Aplique 700mm Negro Texturado, LED 17W 1900lm, CRI90 CL.II IP44, 3000K-4000K Slide Switch;A05240;94;2;4;PT;ACB;FALSO;PT;A05240;;;;0;1,335;0;0;A05 27 1 (;;94;
P3998270B;Alis Plafón Ø200mm Blanco Texturado, LED 25W 3300lm, CRI90 CL.I IP44, 2700K-4000K Slide Switch;A05240;95;1;1;PT;ACB;FALSO;PT;A05240;;;;0,004305;1,28;0;0;A05 24 1(6;;97;
K0011240OP;Parma Tulipa Ø300mm Opal;A05250;221;28;52;PT;ACB;FALSO;PT;A05250;;;;0,047286;1,705;0;240;;"
A05 11 3 (30)        A07 15 2 (30)
       A03 12 3 (24)
B03 27 1 (24)         
A02 31 3 (24)        A02 28 3 (24) 
B01 30 2 (24)        
B04 30 1 (24)      
B01 36 2 (24)

         





";227;
A4008170O;Lineo Aplique 16/4008-90 Oro Técnico, LED 16W 1530lm, CRI90 CL.I IP44, 2700K-3000K Slide Switch;A05260;60;2;7;PT;ACB;FALSO;PT;A05260;A4008170O-01;;0;0,012635;3,56;0;0;;;60;
C3820480NSP;Doris Colgante 3820/1 Negro Texturado, LED G9 7W, CL.I, Sin tulipa;A05270;225;4;7;PT;ACB;FALSO;PT;A05270;;;;0,002451;0,565;0;0;;;236;
K0018240O;Kowa Bisel 400 mm Oro Técnico;A05280;66;1;1;PT;OTROS;FALSO;PT;A05280;;;;0,006888;1,12;0;0;;;68;
C3946280NLSP;Parma Colgante Tija Negro Mate Liso, LED E27 15W, CL.II, Sin tulipa;A05290;75;;;PT;ACB;FALSO;PT;A05290;;;;0,018759;1,475;0;0;;;75;
S3815170O;Halo Sobremesa Oro Tecnico/Opal, LED 5W 370lm, CRI90 CL.II, 2700K-3000K Slide Switch;A05291;2;6;15;PT;ACB;FALSO;PT;A05291;;;;0,020664;2,585;0;0;;;2;
K0018240B;Kowa Bisel 400 mm Blanco Texturado;A05300;70;;;PT;OTROS;FALSO;PT;A05300;;;;0,006888;1,12;0;0;;;70;
P0395380NM;Dins Plafón 395/32 Níquel Mate, LED E27 2x15W, CL.II IP44;A05310;75;1;6;PT;OTROS;FALSO;PT;A05310;K4005240NM;;0;0,021796;2,69;0;0;;A06 23 2 (48);76;
A4008070O;Lineo Aplique 16/4008-60 Oro Técnico, LED 11W 1050lm, CRI90 CL.I IP44, 2700K-3000K Slide Switch;A05320;54;7;19;PT;ACB;FALSO;PT;A05320;A4008070O-01;;0;0,0091;2,555;0;0;;;58;
P3760372B;London Plafón 3760/60 Blanco Texturado, LED 39W 6050lm, CRI90 CL.I, LED integrado, 2700K-3000K-4000K Slide Switch;A06010;804;59;181;PT;ACB;FALSO;PT;A06010;;;;0,0395;5,6;0;0;A07 12 2 (;"A10 05 2 (28)              A06 02 2 (28)
B07 26 2 (28)              A06 10 2 (28)
A04 31 3 (28)              A05 06 3 (28) 
A12 04 2 (28).             A11 01 2 (28)
A11 02 2 (28)
A10 06 2 (28).             B09 13 1 (28)
B12 08 1  (28)              B09 12 1 (28)
B10 05 2 (28)               A06 03 2 (28) 
A08 01 2 (28).             A06 29 2 (28) 
A09 08 2 (28).             B09 07 2 (28)
B09 05 1 (29)               B09 04 2 (28)
B05 18 1 (28)




A03 01 3 (28)                  A04 01 3 (28) 
A06 32 2 (28)                  A08 02 2 (28) 
A07 19 2 (28)                  A06 19 2 (28) 
A06 29 2 (28)                  A08 18 2 (28)









";822;
P3760272B;London Plafón 3760/40 Blanco Texturado, LED 22W 3225lm, CRI90 CL.I, LED integrado, 2700K-3000K-4000K Slide Switch;A06020;681;55;156;PT;ACB;FALSO;PT;A06020;;;;0,0174;2,3;1;0;A06 32 1 (;"A08 22 1 (48)              A08 34 2 (59)             A08 12 2 (59)              A10 26 2 (59) 
A08 31 1 (50)              A05 07 3 (59) 
A03 03 3 (50)              A03 33 3 (70)
A04 24 3 (59)
A06 12 2 (59)              A06 16 2 (59 

B05 22 1(50)                B05 25 1(50)

";704;
P3760172B;London Plafón 3760/30 Blanco Texturado, LED 18W 2520lm, CRI90 CL.I, LED integrado, 2700K-3000K-4000K Slide Switch;A06030;682;35;104;PT;ACB;FALSO;PT;A06030;;;;0,012;2,2;0;0;A08 05 2 (;"A05 28 2 (127)    
B05 01 3 (130)    B03 34 1 (137)
";705;
P3758272B;Minsk Plafón 3758/60 Blanco Texturado, LED 39W 6050lm, CRI90 CL.I, LED integrado, 2700K-3000K-4000K Slide Switch;A06040;169;24;48;PT;ACB;FALSO;PT;A06040;;;;0,0507;5,76;17;0;A06 11 2 (;"A06 04 2 (23)              A06 01 2 (21)  
A06 25 2 (22)              A06 19 2 (23) 
A06 24 2 (23)              A12 02 2 (23)


";186;
P3848172B;Grace Plafón 3848/48 Blanco Texturado, LED 38W 3450lm, CRI90 CL.I, LED integrado, 2700K-3000K-4000K Slide Switch;A06050;177;36;69;PT;ACB;FALSO;PT;A06050;;;;0,0256;3,94;0;0;A05 01 3 (;"

pendiente de revisar
B08 39 2(55)


";177;
P3760372N;London Plafón 3760/60 Negro Texturado, LED 39W 6050lm, CRI90 CL.I, LED integrado, 2700K-3000K-4000K Slide Switch;A06060;-13;33;67;PT;ACB;FALSO;PT;A06060;;;;0,0395;6;1;0;;"A06 03 2 (16)             





";16;
P349713B;Madison Plafón 3497/28 Blanco, LED 24W 1989lm, CRI90 CL.II IP54, LED integrado, Regulable Kelvin;A06080;148;29;63;PT;ACB;FALSO;PT;A06080;;;;0,005887;0,9;0;300;;"

";151;
P3761372B;Turin Plafón 3761/120 Blanco Texturado, LED 68W 8465lm, CRI90 CL.I, LED integrado, 2700K-3000K-4000K Slide Switch;A06090;133;23;86;PT;ACB;FALSO;PT;A06090;;;;0,0424;6,37;0;0;A05 14 3 (;"A09 10 1 (5) 
A05 23 2 (25) // B13 01 1 //";149;
P09692OP;Moon Plafón 969/28 Opal, LED E27 2x15W, CL.II IP44;A06100;318;17;39;PT;OTROS;FALSO;PT;A06100;K4006140OP;A08210;659;0,013312;1,56;0;0;A06 05 2 (;"A03 10 3 (70)                 
A11 14 2 (70)     
B05 19 1 (60)






";321;
K0011140OP;Parma Tulipa Ø180mm Opal;A06110;1264;66;111;PT;ACB;FALSO;PT;A06110;;;;0,0129;0,8;0;1080;A09 02 2 (;"               A09 03 2 (108)         A09 16 2 (108)              A07 09 2 (108)        B12 12 2 (54)
B10 20 2 (108)
A12 08 2 (108)           A14 12 2 (108) 
B08 17 1 (90).            B08 18 1  (90) 
B09 17 1 (90).            B10 13 2 (90)




";1278;
5PANT305545P;Mirta Pantalla Colgante 3055/45 Ø450xH300 mm Piedra;A06120;31;29;69;PT;ACB;FALSO;COMP;A06120;;;;0,09828;1,79;0;0;A09 23 2 (;"A09 20 2 (10)              
            ";38;
P3758471B;Minsk Plafón 3758/40 Blanco Texturado, LED 22W 1679lm, CRI90 CL.I, LED integrado, 3000K-4000K Slide Switch;A06130;25;5;28;PT;OTROS;FALSO;PT;A06130;P3758172B;A07230;147;0,02475;2,7;0;0;;"          
";25;
P3760171N;London Plafón 3760/30 Negro Texturado, LED 17W 1270lm, CRI90 CL.I, LED integrado, 3000K-4000K Slide Switch;A06150;54;3;25;PT;OTROS;FALSO;PT;A06150;P3760172N;;704;0,01225;1,5;0;0;;"
";56;
P3852372B;Koe Plafón Ø600mm Blanco Texturado, LED 45W 5500lm, CRI90 CL.II IP43, 3000K-4000K Slide Switch;A06160;144;20;29;PT;ACB;FALSO;PT;A06160;;;;0,011163;3,225;0;0;;A07 01 2 (100);150;
P3851070B;Lisboa Plafón 3851/40 Blanco Texturado, LED 31,5W 2873lm + 5W 634lm, CRI90 CL.I, 3000K-4000K Slide Switch;A06170;156;23;43;PT;ACB;FALSO;PT;A06170;;;;0,0232;3,7;0;0;A06 22 2 (;"A05 31 2 (50)                  A11 05 2 (50)





";167;
P3852401B;Koe Plafón 3852/48 Blanco Texturado, LED 36W 3000K 4400lm, CRI90 CL.II IP43, LED integrado;A06180;-500;10;51;PT;OTROS;FALSO;PT;A06180;P3852272B;;102;0,007202;2,04;1;0;;"A08 36 1 (120)
";189;
P3453072B;Isia Plafón 3453/40 Blanco Texturado, LED 30W 3540lm, CRI90 CL.I, LED integrado, 2700K-3000K-4000K Slide Switch;A06190;353;16;24;PT;ACB;FALSO;PT;A06190;;;;0,027723;2,96;0;0;A04 25 3 (;"A04 21 2 (42)           
A01 25 3 (42)            A01 21 3 (42)
A03 28 3 (42)            A03 29 3 (42)
A07 34 2 (42)            A09 18 2 (42)
A05 08 3 (42)";378;
C382082O;Doris Colgante 3820/95 Oro Viejo/Opal, LED G9 8x7W, CL.I;A06200;19;6;38;PT;OTROS;FALSO;PT;A06200;C3820580OVSP;A12010;58;0,132356;4,5;0;0;;;19;
P3761071B;Turin Plafón 3761/90 Blanco Texturado, LED 36W 2748lm, CRI90 CL.I, LED integrado, 3000K-4000K Slide Switch;A06220;27;14;48;PT;OTROS;FALSO;PT;A06220;P3761272B;A10261;194;0,034398;4,64;0;0;;;29;
P3760071B;London Plafón 3760/20 Blanco Texturado, LED 12W 840lm, CRI90 CL.I, LED integrado, 3000K-4000K Slide Switch;A06230;53;1;14;PT;OTROS;FALSO;PT;A06230;P3760072B;A09181;86;0,0044;0,71;0;0;;"
";56;
A3189273O;Gala Aplique 16/3189-90 Oro Tecnico, LED 43W 5190lm, CRI90 CL.I, LED integrado, 2700K-3000K-4000K Slide Switch;A06231;36;2;2;PT;ACB;FALSO;PT;A06231;;;;0,011985;2,645;0;0;;;36;
5PANT305538P;Mirta Pantalla Colgante 3055/38 Ø380xH240 mm Piedra;A06240;41;17;36;PT;ACB;FALSO;COMP;A06240;;;;0,047355;0,91;0;0;;"A12 21 2 (24)              A06 15 2 (8)


";45;
P09693OP;Moon Plafón 969/35 Opal, LED E27 2x15W, CL.II IP44;A06250;33;5;22;PT;OTROS;FALSO;PT;A06250;K4006240OP;A11100;592;0,026055;2,13;0;0;;"
";41;
A3990072O;Diva Aplique 16/3990-30 Oro Viejo Mate, LED 12W 620lm, CRI90 CL.II IP44, LED integrado, 2700K-3000K Slide Switch;A06260;285;19;58;PT;ACB;FALSO;PT;A06260;;;;0,024;3,83;0;0;A03 31 3 (;"A05 32 2 (60)       
B09 26 2 (60)             
       
";318;
P3851170B;Lisboa Plafón 3851/60 Blanco Texturado, LED 54W 4849lm + 7,5W 1188lm, CRI90 CL.I, LED integrado, 3000K-4000K Slide Switch;A06270;70;21;53;PT;ACB;FALSO;PT;A06270;;;;0,00507;6,14;1;0;;"pendiente de revisar
B04 06 2(25)
B04 04 2(25)
B03 07 3(25)


";75;
C3820580NSP;Doris Colgante 3820/8 Negro Texturado, LED G9 8x7W, CL.I, Sin tulipa;A06290;120;12;33;PT;ACB;FALSO;PT;A06290;;;;0,135546;4,325;0;0;B01 14 2 (;"A07 10 2 (10)                  A07 22 2 (11)
A07 26 2 (10)                  A03 07 3 (10)
A03 04 3 (10)             
A03 05 3 (10)                  
A06 06 2 (10)                  
A06 30 2 (10)
B01 37 2 (10)                   
B05 06 2 (10)
B09 21 2 (10) ";122;
81CON39136B;Kit Colgante 6m Blanco Texturado, LED E27 15W, CL.I;A06291;174;5;6;PT;ACB;FALSO;COMP;A06291;81CON3913B;A01011;1103;0;0,001;0;0;;;175;
P3453472N;Isia Plafón 3453/30 Negro Texturado, LED 18W 2300lm, CRI90 CL.I, 2700K-3000K-4000K Slide Switch;A06300;149;1;1;PT;ACB;FALSO;PT;A06300;;;;0,016383;1,79;0;0;A07 08 1  ;"A07 04 1 (50)
";149;
C3946580NLSP;Parma Colgante Negro Mate Liso, LED E27 7x15W, CL.I, Sin tulipa;A06310;27;2;3;PT;ACB;FALSO;PT;A06310;;;;0,144279;4,845;0;0;;"B10 02 1 (9)  B04 16 2 (9)

";27;
P3453072BDT;Isia Plafón 3453/40 Blanco Texturado, LED 30W 3540lm, CRI90 CL.I, LED integrado, 2700K-3000K-4000K Slide Switch, Dim. Triac, ON-DEMAND **;A06311;29;1;2;PT;ACB;FALSO;PT;A06311;P3453072B;A06190;353;0,027723;2,96;0;0;;;29;
P3759372N;Munich Plafón 3759/120 Negro Texturado, LED 68W 8465lm, CRI90 CL.I, LED integrado, 2700K-3000K-4000K Slide Switch;A06320;9;1;1;PT;ACB;FALSO;PT;A06320;;;;0,074592;6,2;0;0;;;24;
A3189073B;Gala Aplique 16/3189-43 Blanco Texturado, LED 20W 2430lm, CRI90 CL.I, LED integrado, 2700K-3000K-4000K Slide Switch;A06321;44;13;14;PT;ACB;FALSO;PT;A06321;;;;0,006486;1,52;0;0;;;51;
A33871B;Dane Aplique 16/3387 Blanco, LED E14 9W, CL.I;A06330;364;8;28;PT;ACB;FALSO;PT;A06330;;;;0,011715;1,66;0;0;;"A04 02 3 (96)             A06 34 2 (112)
A04 06 3 (112)




";389;
P3453172B;Isia Plafón 3453/60 Blanco Texturado, LED 52W 6335lm, CRI90 CL.I, LED integrado, 2700K-3000K-4000K Slide Switch;A06340;211;16;44;PT;ACB;FALSO;PT;A06340;;;;0,058243;5,73;3;0;A04 20 3 (;"A02 17 3 (20)                 A02 18 3 (20) 
A05 30 2 (14)                 A07 16 1 (20)
A02 19 3 (20)                 A12 05 2 (20) 
A12 19 2 (20)                 A07 13 1 (20) 
A01 31 3 (20)                 A10 25 2 (20)




";218;
P0969271OP;Moon Plafón 969/35 Opal, LED 24W 2520lm, CRI90 CL.II IP44, LED integrado, 2700K-3000K-4000K Slide Switch;A06360;86;1;11;PT;OTROS;FALSO;PT;A06360;K4006240OP;A11100;592;0,026055;2,8;0;0;A08 09 2 (;;87;
K1014180BH;Kit Base Ø195 mm Blanco RAL 9016, LED E27 2x15W, CL.II IP44;A06370;321;26;36;PT;OTROS;FALSO;PT;A06370;;;;0;0,001;0;0;A09 35 2 (;"

";336;
81CON34532BDP;Isia Kit Colgante CONJ.COL.3453 BLCO 3M DP. Blanco, CL.I;A06380;172;1;4;PT;ACB;FALSO;COMP;A06380;81CON34531B;A06383;362;0,001296;0,65;0;0;A04 17 2  ;"
";172;
81CON34532NDP;Isia Kit Colgante CONJ.COL.3453 NGRO 3M DP. Negro, CL.I;A06380;178;1;1;PT;ACB;FALSO;COMP;A06380;81CON34531N;A03221;64;0,0012;0,64;0;0;A04 17 2 (;;184;
81CON38514B;Lisboa Kit Colgante CONJ.COL.3851/40 BLANCO Blanco, CL.I;A06380;41;2;3;PT;ACB;FALSO;COMP;A06380;;;;0,003901;0,9;0;0;A09 36 1 (;;41;
E2064001B;Virgo Empotrable 2064 Blanco Texturado, LED 3W 3000K 60lm, CRI90 CL.II IP65;A06380;269;2;2;PT;ACB;FALSO;PT;A06380;;;;0,0006;0,36;0;0;A05 32 1 (;;269;
K0003340VE;Chamaleon 16/3975 DECO Mármol Verde, Sin iluminación;A06380;8;1;4;PT;ACB;FALSO;PT;A06380;;;;0,00068;0,55;0;0;;;8;
K1002043B;Pipe Kit Colgante Ø60mm Blanco Texturado, CL.I, Sin iluminación;A06380;22;6;15;PT;ACB;FALSO;PT;A06380;;;;0,0011;0,35;0;0;;;24;
K1002044B;Pipe Kit Colgante Ø100mm Blanco Texturado, CL.I, Sin iluminación;A06380;59;1;2;PT;ACB;FALSO;PT;A06380;;;;0,001173;0,48;0;0;;;59;
K1002044N;Pipe Kit Colgante Ø100mm Negro Texturado, CL.I, Sin iluminación;A06380;75;;;PT;ACB;FALSO;PT;A06380;;;;0,0011;0,48;0;0;;;75;
K1021040;Sign Pinzas para Hollow wall;A06380;92;2;2;PT;ACB;FALSO;PT;A06380;E4037070SP;A04201;327;0;0,001;0;0;;;92;
K4000240B;Pipe Pantalla Ø80mm Blanco Texturado;A06380;48;1;2;PT;ACB;FALSO;PT;A06380;;;;0;0;0;0;;;48;
K0012040GR;Base Aplique Seiren Baliza 2072/7 Antracita Texturado;A063801;49;;;OTRO;ACB;FALSO;PT;A063801;;;;0,00042;0,145;0;0;;;50;
K0012041GR;Mástil Seiren Baliza 2072/7 Antracita Texturado;A063801;40;1;1;OTRO;ACB;FALSO;PT;A063801;;;;0,000288;0,195;0;0;;;40;
K0012042GR;Correa Seiren Baliza 2072/7 Antracita Texturado;A063801;-21;1;1;OTRO;ACB;FALSO;PT;A063801;;;;0,00059;0,165;0;0;;;5;
81FLO224T3CTOT;Isia Kit Colgante CONJ.FLORON 3453 ORO 3.1M Oro Tecnico, CL.I;A06381;5;;;PT;ACB;FALSO;COMP;A06381;81FLO224T3CTB;A03031;380;0,002866;0,73;0;0;;;5;
E3980201N;Invisible Empotrable 3980/85 Circular Negro Texturado, LED 9W 3000K 680lm, CRI90 CL.II, LED integrado;A06381;149;3;6;PT;ACB;FALSO;PT;A06381;;;;0,000792;0,25;0;0;A04 33 3 (;;150;
K1002044BDP;Pipe Kit Colgante Ø100mm Blanco Texturado, CL.I, Dim. DALI/Push, Sin iluminación;A06381;15;;;PT;ACB;FALSO;PT;A06381;;;;0,001124;0,5;0;0;;;15;
K1002044NDP;Pipe Kit Colgante Ø100mm Negro Texturado, CL.I, Dim. DALI/Push, Sin iluminación;A06381;19;1;1;PT;ACB;FALSO;PT;A06381;;;;0,001124;0,5;0;0;;;19;
K1002148B;Easy Link Embellecedor Blanco Texturado Con interruptor;A06381;19;1;1;PT;ACB;FALSO;PT;A06381;;;;0;0;0;0;;;19;
K1002148N;Easy Link Embellecedor Negro Texturado Con interruptor;A06381;16;2;3;PT;ACB;FALSO;PT;A06381;;;;0;0;0;0;;;17;
K1002340N;Easy Link Unión L Techo Pared Negro;A06381;53;5;8;PT;ACB;FALSO;PT;A06381;;;;0,000238;0,06;0;0;;;54;
81CON3453NDP;Isia Kit Colgante CONJ.COL.3453 NGRO 1.5MDP Negro texturado, CL.I;A06382;39;2;7;PT;OTROS;FALSO;COMP;A06382;81CON34531N;A03221;64;0,00135;0,48;0;0;;;45;
81CON3453OT;Isia Kit Colgante CONJ.COL.3453 ORO 1.5M  Oro Técnico, CL.I;A06382;65;;1;PT;OTROS;FALSO;COMP;A06382;81CON34531B;A06383;362;0,001296;0,42;0;0;;;65;
K1002347B;Easy Link Tapa Final Perfiles Blanco Texturado;A06382;20;;;PT;ACB;FALSO;PT;A06382;;;;0;0;0;0;;;20;
K1005340B;Kidal 3771/5 Adaptador Blanco Texturado Ø55 mm Sin iluminación, Sin instalación;A06382;100;;1;PT;ACB;FALSO;PT;A06382;E3771400BSD;A05191;347;0;0;0;0;;;199;
K1005340N;Kidal 3771/5 Adaptador Negro Texturado Ø55 mm Sin iluminación, Sin instalación;A06382;50;;;PT;ACB;FALSO;PT;A06382;E3771400NSD;A05150;271;0;0;0;0;;;100;
K1005540B;Kidal 3771/10 Adaptador Blanco Texturado Ø125 mm Sin iluminación, Sin instalación;A06382;98;1;2;PT;ACB;FALSO;PT;A06382;E3771102BSD;A05181;337;0;0;0;0;;;98;
K1005540N;Kidal 3771/10 Adaptador Negro Texturado Ø125 mm Sin iluminación, Sin instalación;A06382;37;;1;PT;ACB;FALSO;PT;A06382;E3771102NSD;A05081;157;0;1;0;0;;;37;
K1005640B;Kidal 3771/13 Adaptador Blanco Texturado Ø165 mm Sin iluminación, Sin instalación;A06382;49;;1;PT;ACB;FALSO;PT;A06382;E3771302BSD;;117;0;0;0;0;;;49;
K1005640N;Kidal 3771/13 Adaptador Negro Texturado Ø165 mm Sin iluminación, Sin instalación;A06382;50;;;PT;ACB;FALSO;PT;A06382;E3771302NSD;B06070;100;0;0;0;0;;;50;
K1027040N;Totem Kit Colgante H Negro Texturado, Sin iluminación, Sin instalación;A06382;12;5;5;PT;ACB;FALSO;PT;A06382;;;;0;0;0;0;;;14;
K4000240N;Pipe Pantalla Ø80mm  Negro Texturado;A06382;45;1;2;PT;ACB;FALSO;PT;A06382;;;;0;0;0;0;;;45;
81CON34531B;Isia Kit Colgante CONJ.COL.3453 BCO 3M Blanco, CL.I;A06383;362;15;21;PT;ACB;FALSO;COMP;A06383;;;;0,0012;0,52;0;0;A05 19 2 (;;387;
81CON34531OT;Isia Kit Colgante CONJ.COL.3453 ORO TC.3M Opal/Oro Tecnico, CL.I;A06383;56;;2;PT;ACB;FALSO;COMP;A06383;81CON34531B;A06383;362;0,001296;0,525;0;0;;;57;
81CON3453BDP;Isia Kit Colgante CONJ.COL.3453 BCO 1.5M Blanco, CL.I;A06383;358;;4;PT;OTROS;FALSO;COMP;A06383;81CON34531B;A06383;362;0,001296;0,5;0;0;A04 23 2 (;;358;
K3002240T;Kidal Reflector Ø83mm 15° Transparente;A06383;70;;;PT;ACB;FALSO;PT;A06383;E3771002BSD;A01121;1112;0;0;0;0;;;70;
WK1001440B;Invisible 3980 Unión W Kit Colgante Blanco Texturado, CL.N/A, Sin iluminación, Sin instalación;A06383;80;;;PT;OTROS;FALSO;COMP;A06383;;;;0;0;0;0;;;80;
WK1001440N;Invisible 3980 Unión W Kit Colgante Negro Texturado, CL.N/A, Sin iluminación, Sin instalación;A06383;80;;;PT;OTROS;FALSO;COMP;A06383;;;;0;0;0;0;;;80;
P3760472B;London Plafón 3760/80 Blanco Texturado, LED 70W 10280lm, CRI90 CL.I, LED integrado, 2700K-3000K-4000K Slide Switch;A07010;152;21;45;PT;ACB;FALSO;PT;A07010;;;;0,0718;10;0;0;A07 29 2 (;"A09 09 1 (9)                   B04 40 1 (25)     A08 10 2 (25)
B03 38 1 (25)     B02 39 1 (25)   
B02 37 2 (25)     B04 30 1 (25)




";159;
A3990071O;Diva Aplique 16/3990-30 Oro Viejo Mate, LED 12W 620lm, CRI90 CL.II IP44, LED integrado, 2700K-3000K Slide Switch;A07011;0;5;9;PT;OTROS;FALSO;PT;A07011;A3990072O;A06260;285;0,024486;3,87;0;0;;"


  ";1;
A4048080N;Tours Aplique Negro Texturado, LED E27 15W, CL.I IP65;A07011;120;12;13;PT;ACB;FALSO;PT;A07011;;;;0,0529;2,44;0;0;A07 20 2 (;"A07 24 2 (24)              A08 21 2 (23)  
A08 14 2 (24)              A07 21 2 (24)";124;
A3990172O;Diva Aplique 16/3990-60 Oro Viejo Mate, LED 18W 1250lm, CRI90 CL.II IP44, LED integrado, 2700K-3000K Slide Switch;A07020;222;19;42;PT;ACB;FALSO;PT;A07020;;;;0,0414;6,53;0;0;A07 02 1 (;"B05 26 2 //  A08 08 1 (35) 
A10 14 2 (30)

  ";251;
5PANT39135NAR;Pamela Pantalla Ø500x55mm Negro Texturado/Arena;A07030;137;9;30;PT;ACB;FALSO;COMP;A07030;;;;0,0229;1,48;0;0;A07 02 2 (;"A07 14 1 (50)     A07 06 1 (25) 
A08 01 1 (30)



";143;
1BAS0109N;GINA 3874 BASE 0109 Ø250 NEGRO TEXTURADO;A07040;187;10;32;PT;OTROS;FALSO;COMP;A07040;H3874080N;;0;0,005187;3,31;0;0;A03 02 3 (;"

";189;
86CON0105N;GINA 3874 CONJUNTO 0105 TUBO PIE NEGRO TEXTURADO + CABLE NEGRO LED GU10 2x8W;A07050;183;10;32;PT;OTROS;FALSO;COMP;A07050;H3874080N;;0;0,03854;2,255;0;0;A07 04 2 (;"A07 07 1 (30)   A07 19 1 (20) 
A07 17 2 (30)   A09 11 2 (30) 
B04 23 1 (30)












";185;
K0013140BG;Corvus 3945 Pantalla acústica Ø625 mm Beige ;A07051;98;;1;PT;ACB;FALSO;PT;A07051;;;;0,019845;1,7;0;0;A11 04 1 (;;98;
C3946082NLSP;Parma Colgante Negro Mate Liso, LED E27 15W, CL.II IP44, Sin tulipa;A07060;576;17;28;PT;ACB;FALSO;PT;A07060;;;;0,002535;0,69;0;0;A08 04 2; ;583;
6TRACK002B;CARRIL ELECTRIFICADO TRIFÁSICO BLANCO 2000mm;A07070;344;16;58;PT;ACB;FALSO;COMP;A07070;;;;0,0023;1,68;0;0;;;345;
P3848272B;Grace Plafón 3848/58 Blanco Texturado, LED 44W 3960lm, CRI90 CL.I, LED integrado, 2700K-3000K-4000K Slide Switch;A07080;112;38;71;PT;ACB;FALSO;PT;A07080;;;;0,0359;5,55;0;0;;"B07 25 2 (22)
B08 34 2(24)
B08 36 2(24)
lB08 37 2(24




";123;
P3758671N;Minsk Plafón 3758/60 Negro Texturado, LED 42W 3208lm, CRI90 CL.I, LED integrado, 3000K-4000K Slide Switch;A07090;22;;6;PT;OTROS;FALSO;PT;A07090;P3758272N;;158;0,04992;3,33;0;0;;"
";22;
K0011040OP;Parma Tulipa Ø150mm Opal;A07100;1666;91;119;PT;ACB;FALSO;PT;A07100;;;;0;0,001;0;378;B03 28 1(1;"A11 23 2 (108) 
A13 17 2 (180).     B03 25 2(180)
A07 31 2 (162)      B01 16 1(108)
B012 05 1
A10 20 2 (66)         
A10 22 2 (216)
";1710;
P3848072B;Grace Plafón 3848/38 Blanco Texturado, LED 33W 2970lm, CRI90 CL.I, LED integrado, 2700K-3000K-4000K Slide Switch;A07101;274;9;12;PT;ACB;FALSO;PT;A07101;;;;0,016361;2,765;0;0;A07 08 2;"A08 10 2 (70)        A08 17 2 (70)
A10 04 2 (70)

";274;
A30550PI;Mirta Aplique 16/3055-40 Piedra, LED E27 15W, CL.II;A07110;73;11;28;PT;ACB;FALSO;PT;A07110;;;;0,028297;0,826;0;0;A08 32 2 (;"


 

";79;
P3759372B;Munich Plafón 3759/120 Blanco Texturado, LED 68W 8465lm, CRI90 CL.I, LED integrado, 2700K-3000K-4000K Slide Switch;A07111;42;2;5;PT;ACB;FALSO;PT;A07111;;;;0,077112;6,2;0;0;B09 15 1(2;;43;
A3820080NSP;Doris Aplique 16/3820 Negro Texturado, LED G9 7W, CL.II IP44, Sin tulipa;A07120;123;8;16;PT;ACB;FALSO;PT;A07120;;;;0,0158;0,98;0;0;A07 09 1 (;;123;
C3848272N;Grace Colgante 3848/58 Negro Texturado, LED 44W 3960lm, CRI90 CL.I, LED integrado, 2700K-3000K-4000K Slide Switch;A07130;0;15;22;PT;ACB;FALSO;PT;A07130;;;;0,035931;3,87;0;0;;"
";4;
6TRACK002N;CARRIL ELECTRIFICADO TRIFÁSICO NEGRO 2000mm;A07140;466;26;58;PT;ACB;FALSO;COMP;A07140;;;;0,0023;1,68;0;0;;;496;
K0014040OP;Doris Tulipa Ø120mm Opal;A07150;3447;39;79;PT;ACB;FALSO;PT;A07150;;;;0,003;0,24;0;0;A12 11 1 (;"A07 37 2  (360)           A09 06 2 (360)
B10 12 1  (380)            A09 16 1 (56) 
B06 09 2  (364)           A07 11 1  (360)  
B11 03 2                     B10 18 2   (328)
B11 18 2 (360)           B12 06 2 (316)
";3475;
A3833371N;Fosca Aplique 16/3833-140 Negro Texturado, LED 43W 3800lm, CRI90 CL.I, LED integrado, 2700K-3000K-4000K Slide Switch;A07160;87;7;12;PT;ACB;FALSO;PT;A07160;;;;0,0097;3,71;1;0;;;89;
K1028040N;Unión Colgante Vertical Pantallas Totem;A07161;112;4;6;PT;ACB;FALSO;PT;A07161;;;;0;0;0;0;;;130;
P3758471N;Minsk Plafón 3758/40 Negro Texturado, LED 22W 1679lm, CRI90 CL.I, LED integrado, 3000K-4000K Slide Switch;A07170;62;7;24;PT;OTROS;FALSO;PT;A07170;P3758172N;A07231;87;0,022264;2,8;0;0;;;62;
P3742174N;Aliso Plafón 3742/60 Negro Texturado, LED 50W 4945lm, CRI90 CL.I, LED integrado, 2700K-3000K-4000K Slide Switch;A07180;120;6;22;PT;ACB;FALSO;PT;A07180;;;;0,048213;6,235;0;0;B11 20 2 (;"   A08 15 2 (25)
A13 02 2 (25)     
B01 06 3 (25)


";122;
P385160N;Lisboa Plafón 3851/60 Negro Texturado, LED 60W 3000K 5490lm + 8W 3000K 735lm, CRI90 CL.I, LED integrado;A07190;7;1;19;PT;OTROS;FALSO;PT;A07190;P3851170N;;98;0,0528;7;2;0;;"

";13;
P09697OP;Moon Plafón 969/50 Opal, LED E27 3x15W, CL.II IP44;A07200;7;6;13;PT;OTROS;FALSO;PT;A07200;K4006340OP;A09270;198;0,049284;5,32;0;0;;;7;
P351213B;Square Plafón 3512/28 Blanco, LED 24W 1989lm, CRI90 CL.II IP54, LED integrado, Regulable Kelvin;A07210;698;10;23;PT;ACB;FALSO;PT;A07210;;;;0,005718;0,85;0;0;A06 19 1 (;"A07 31 2 (150)
A08 26 1 (150)    A09 27 2 (150)";700;
A3820080OVSP;Doris Aplique 16/3820 Oro Viejo, LED G9 7W, CL.II IP44, Sin tulipa;A07211;74;4;6;PT;ACB;FALSO;PT;A07211;;;;0,015822;0,985;0;0;A08 33 1 (;;74;
C81631O;Maui Colgante 8163/1 Opal/Oro Viejo Mate, LED E27 15W, CL.I, (E27 max. Ø45 mm);A07220;83;9;29;PT;OTROS;FALSO;PT;A07220;C8163082OMSP;A12080;58;0,0348;1,4;0;0;;"A06 09 2 (36)  




";83;
P3758172B;Minsk Plafón 3758/40 Blanco Texturado, LED 22W 3225lm, CRI90 CL.I, LED integrado, 2700K-3000K-4000K Slide Switch;A07230;147;18;29;PT;ACB;FALSO;PT;A07230;;;;0,021782;2,85;0;0;;" A05 04 3 (52)

";149;
P3758172N;Minsk Plafón 3758/40 Negro Texturado, LED 22W 3225lm, CRI90 CL.I, LED integrado, 2700K-3000K-4000K Slide Switch;A07231;87;5;5;PT;ACB;FALSO;PT;A07231;;;;0,0217;2,85;0;0;A08 22 2 (;;92;
A81632O;Maui Aplique 16/8163-15 IP Opal/Oro Viejo Mate, LED E27 15W, CL.II IP44, (E27 max. Ø45 mm);A07240;47;6;26;PT;OTROS;FALSO;PT;A07240;A8163082OMSP;;135;0,015136;1,02;0;0;;;47;
S8163082OMSP;Maui Sobremesa 8163 Oro Viejo Mate, LED E27 15W, CL.II, Sin tulipa;A07241;33;8;9;PT;ACB;FALSO;PT;A07241;;;;0,027;1,86;0;0;;;35;
P3760372BDP;London Plafón 3760/60 Blanco Texturado, LED 39W 6050lm, CRI90 CL.I, LED integrado, 2700K-3000K-4000K Slide Switch, Dim. DALI/Push, ON-DEMAND **;A07250;181;8;24;PT;ACB;FALSO;PT;A07250;P3760372B;A06010;804;0,0395;5,6;0;0;A07 25 2 (;"A07 22 1 (27)                  A07 23 2 (28) 
A07 25 1 (25)          A08 24 2 (25)
";183;
5PANT393040NA;Evens Pantalla Ø405x255mm Rafia Natural, E27;A07260;187;19;43;PT;ACB;FALSO;COMP;A07260;;;;0,051156;1,53;0;0;B08 12 1  ;"A07 27 1 (24).    B011 22 2    
B11 16 2               B05 10 3  (25) 
B11 23 2               B11 10 1      
";190;
P03952B;Dins Plafón 395/26 Blanco, LED E27 2x15W, CL.II IP44;A07270;48;2;14;PT;OTROS;FALSO;PT;A07270;K4005140BH;;34;0,012493;1,78;0;0;;"



";51;
5PANT305545B;Mirta Pantalla Colgante 3055/45 Ø450xH300 mm Blanco;A07280;29;5;19;PT;ACB;FALSO;COMP;A07280;;;;0,09828;1,79;0;0;A06 33 2 (;"

";29;
A3990272C;Diva Aplique 16/3990-100 Cromo, LED 30W 2083lm, CRI90 CL.II IP44, LED integrado, 2700K-3000K Slide Switch;A07281;23;1;1;PT;ACB;FALSO;PT;A07281;;;;0,065016;9,905;1;0;A08 25 1 (;;24;
P3760472N;London Plafón 3760/80 Negro Texturado, LED 70W 10280lm, CRI90 CL.I, LED integrado, 2700K-3000K-4000K Slide Switch;A07290;112;10;23;PT;ACB;FALSO;PT;A07290;;;;0,0718;10;0;0;A06 06 2 (;"A12 01 2 (25)                  A04 23 3 (15)
A15 02 2 (25)                  


";115;
K1026040B;Tija Extensora Ø19x750mm Blanco Texturado;A07291;15;;;PT;ACB;FALSO;PT;A07291;;;;0;0;0;0;;;15;
K1026040N;Tija Extensora Ø19x750mm Negro Texturado;A07291;15;;;PT;ACB;FALSO;PT;A07291;;;;0;0;0;0;;;15;
P3759172B;Munich Plafón 3759/60 Blanco Texturado, LED 68W 8465lm, CRI90 CL.I, LED integrado, 2700K-3000K-4000K Slide Switch;A07300;30;;6;PT;ACB;FALSO;PT;A07300;;;;0,05031;5,76;0;0;;;31;
C3951080B;Modrian Colgante 3951/30 Blanco, LED GU10 8W, CL.I;A07301;52;;4;PT;OTROS;FALSO;PT;A07301;;;;0,002709;0,63;0;0;;;52;
A3730271N;Menorca Aplique 450mm Negro Texturado, LED 12W 1480lm, CRI90 CL.II IP44, 3000K-4000K Slide Switch;A07310;85;12;29;PT;ACB;FALSO;PT;A07310;;;;0,005099;0,925;0;0;A05 26 1(9;;136;
K4009040FU;Sira Tulipa Ø250 mm Fumé;A07311;7;2;4;PT;OTROS;FALSO;PT;A07311;;;;0;0;0;0;;;21;
5PANT39135NAT;Pamela Pantalla Ø500x55mm Ratán Natural;A07320;142;6;20;PT;ACB;FALSO;COMP;A07320;;;;0,021836;1,06;0;0;;"A05 18 3 (55)
B04 21 2 (30)   B03 16 1 (49)";142;
P3848372B;Grace Plafón 3848/78 Blanco Texturado, LED 77W 6930lm, CRI90 CL.I, LED integrado, 2700K-3000K-4000K Slide Switch;A07330;26;5;15;PT;ACB;FALSO;PT;A07330;;;;0,063099;8,71;0;0;;"A14 16 2 (24)
";29;
P3453072OT;Isia Plafón 3453/40 Oro Técnico, LED 30W 3540lm, CRI90 CL.I, LED integrado, 2700K-3000K-4000K Slide Switch;A07340;77;4;12;PT;ACB;FALSO;PT;A07340;;;;0,027723;2,96;0;0;A09 30 2 (;;79;
K1014170BH;Kit Base Ø195mm Blanco RAL 9016, LED 18W 1890lm, CRI90 CL.II IP44, 2700K-3000K-4000K Slide Switch;A07350;574;17;29;PT;OTROS;FALSO;PT;A07350;;;;0;0,5;0;0;A10 04 1 (;"A08 34 2 (136)
pendiente de revisar
B12 12 2(144)
";576;
A38201O;Doris Aplique 16/3820 Oro Viejo/Opal, LED G9 7W, CL.II IP44;A07360;54;3;15;PT;OTROS;FALSO;PT;A07360;A3820080OVSP;A07211;74;0,015336;1,18;0;0;A06 30 2 (;"
";56;
81CON38516B;Lisboa Kit Colgante CONJ.COL.3851/60 BLANCO Blanco, CL.I;A07361;51;1;7;PT;ACB;FALSO;COMP;A07361;;;;0,011353;1,7;0;0;A07 35 2 (;"
";52;
P3453072N;Isia Plafón 3453/40 Negro Texturado, LED 30W 3540lm, CRI90 CL.I, LED integrado, 2700K-3000K-4000K Slide Switch;A07370;195;7;18;PT;ACB;FALSO;PT;A07370;;;;0,027723;2,96;0;0;A12 27 2 (;"A12 27 1 (42)            A07 33 2 (42)
B10 14 2 (40)           

";198;
K1002043BDP;Pipe Kit Colgante Ø60mm Blanco Texturado, CL.I, Dim. DALI/Push, Sin iluminación;A07371;14;1;1;PT;ACB;FALSO;PT;A07371;;;;0,001124;0,37;0;0;;;14;
P0395170NM;Dins Plafón 395/26 Níquel Mate, LED 18W 1890lm, CRI90 CL.II IP44, LED integrado, 2700K-3000K Slide Switch;A07371;4;;2;PT;OTROS;FALSO;PT;A07371;K4005140NM;;27;0,012493;1,6;0;0;;"
  ";4;
A3252174C;Boan Espejo 16/3252 Cromo, LED 7W 735lm, CRI90 CL.II IP44, Aumento 5x, Con interruptor, 3000K-4000K Slide Switch, Orientable;A08010;63;17;21;PT;ACB;FALSO;PT;A08010;;;;0,008303;2,015;0;0;;;136;
P3946080N;Parma Plafón 3946/18 IP Opal/Negro Mate, LED E27 15W, CL.II IP44, (E27 max. Ø45 mm);A08020;62;6;19;PT;OTROS;FALSO;PT;A08020;P3946082NLSP;A11030;253;0,0211;1,36;0;0;;   ;62;
P3852601B;Koe Plafón 3852/60 Blanco Texturado, LED 45W 3000K 5500lm, CRI90 CL.II IP43, LED integrado;A08030;182;6;30;PT;OTROS;FALSO;PT;A08030;P3852372B;A06160;144;0,01098;3,37;0;0;A09 11 1 (;"A08 10 1 (85)



";193;
P3761372N;Turin Plafón 3761/120 Negro Texturado, LED 68W 8465lm, CRI90 CL.I, LED integrado, 2700K-3000K-4000K Slide Switch;A08031;41;5;7;PT;ACB;FALSO;PT;A08031;;;;0,0424;6,37;0;0;A07 15 1 (;;42;
K4005240BH;Dins Tulipa Ø320 mm Blanco RAL 9016;A08040;61;12;33;PT;OTROS;FALSO;PT;A08040;;;;0,023512;2,305;0;0;;;61;
C3946082OMSP;Parma Colgante Oro Viejo Mate, LED E27 15W, CL.II IP44, Sin tulipa;A08050;272;25;54;PT;ACB;FALSO;PT;A08050;;;;0,002535;0,69;0;0;;;276;
P3760272BDP;London Plafón 3760/40 Blanco Texturado, LED 22W 3225lm, CRI90 CL.I, LED integrado, 2700K-3000K-4000K Slide Switch, Dim. DALI/Push, ON-DEMAND **;A08051;73;5;7;PT;ACB;FALSO;PT;A08051;P3760272B;A06020;681;0,017424;2,3;0;0;A07 06 1 (;;73;
P03952N;Dins Plafón 395/26 Negro Mate, LED E27 2x15W, CL.II IP44;A08060;110;5;17;PT;OTROS;FALSO;PT;A08060;K4005140NL;A08240;137;0,012973;1,6;0;0;;"
B04 05 2 (54)

";110;
P3851170BDP;Lisboa Plafón 3851/60 Blanco Texturado, LED 54W 4849lm + 7,5W 1188lm, CRI90 CL.I, LED integrado, 3000K-4000K Slide Switch, Dim. DALI/Push, ON-DEMAND **;A08061;39;1;1;PT;ACB;FALSO;PT;A08061;P3851170B;A06270;70;0,054925;6,14;0;0;;"A13 33 2 (23)
";41;
P385140N;Lisboa Plafón 3851/40 Negro Texturado, LED 30W 3000K 2745lm + 5W 3000K 460lm, CRI90 CL.I, LED integrado;A08070;38;1;27;PT;OTROS;FALSO;PT;A08070;P3851070N;A08241;79;0,023232;3,52;0;0;;"
";38;
1BAS0106B;Mirta Kit Base BASE Ø225 Blanco Texturado;A08080;76;14;14;PT;OTROS;FALSO;COMP;A08080;;;;0;0,001;0;0;A09 17 1 (;;78;
86CON0106B;CONJUNTO 0106  BLANCO TEXTURADO TUBO PIE, PORTALAMPARAS, CABLE TRANSPARENTE LED E27 3x15W;A08080;76;14;14;PT;OTROS;FALSO;COMP;A08080;1BAS0106B;A08080;76;0;0,001;0;0;A09 19 1 (;"
";78;
5PANTH30541PI;PANTALLA 3054/135 PIEDRA (Ø500x1350(H)) PIE;A08090;6;14;14;PT;OTROS;FALSO;COMP;A08090;;;;0,071852;2,79;0;0;;"
";8;
P3874R40N;Gina Plafón 3874/R4 Negro Texturado, LED GU10 4x8W, CL.I, Orientable;A08100;119;11;42;PT;ACB;FALSO;PT;A08100;;;;0,006;1,45;0;0;;;123;
C3848272B;Grace Colgante 3848/58 Blanco Texturado, LED 44W 3960lm, CRI90 CL.I, LED integrado, 2700K-3000K-4000K Slide Switch;A08110;98;12;28;PT;ACB;FALSO;PT;A08110;;;;0,0359;3,87;0;0;A08 07 2 (;A12 10 2 (35)             ;102;
P3450171B;Dilga Plafón 3450/45 Blanco texturado, LED 27W 2100lm, CRI90 CL.I, LED integrado, 3000K-4000K Slide Switch;A08111;0;3;3;PT;OTROS;FALSO;PT;A08111;;;;0,046348;3,24;0;0;;;0;
A3815170O;Halo Aplique Oro Tecnico/Opal, LED 5W 370lm, CRI90 CL.I, 2700K-3000K Slide Switch;A08120;112;7;11;PT;ACB;FALSO;PT;A08120;;;;0,0265;2,15;0;0;A07 06 2 (;"A08 12 1 (30)





";112;
P3742174B;Aliso Plafón 3742/60 Blanco Texturado, LED 50W 4945lm, CRI90 CL.I, LED integrado, 2700K-3000K-4000K Slide Switch;A08130;77;11;29;PT;ACB;FALSO;PT;A08130;;;;0,048213;6,235;0;0;;"A14 06 2 (20)              A09 09 2 (24)
B03 05 2 (25)
";77;
P3851170NDT;Lisboa Plafón 3851/60 Negro Texturado, LED 54W 4849lm + 7,5W 1188lm, CRI90 CL.I, LED integrado, 3000K-4000K Slide Switch, Dim. Triac, ON-DEMAND **;A08131;21;3;9;PT;ACB;FALSO;PT;A08131;P3851170N;;98;0,052812;7;0;0;;;22;
P3742074B;Aliso Plafón 3742/47 Blanco Texturado, LED 38W 3708lm, CRI90 CL.I, LED integrado, 2700K-3000K-4000K Slide Switch;A08140;100;8;21;PT;ACB;FALSO;PT;A08140;;;;0,0305;4,4;0;0;A08 13 2 (;A07 26 1 (34)              A08 11 1 (30);105;
A3730271B;Menorca Aplique 16/3730-45 Blanco texturado, LED 12W 1480lm, CRI90 CL.II IP44, LED integrado, 3000K-4000K Slide Switch;A08150;32;10;28;PT;OTROS;FALSO;PT;A08150;;;;0,005099;0,82;0;0;;"
";33;
5PANT0034B;Pantalla 0034 L290xA180xH160 mm Blanco S00-10BVBAS00;A08160;125;20;36;PT;OTROS;FALSO;COMP;A08160;;;;0,011529;0,465;0;0;;"



";125;
P3759472B;Munich Plafón 3759/30 Blanco Texturado, LED 18W 2520lm, CRI90 CL.I, LED integrado, 2700K-3000K-4000K Slide Switch;A08161;64;1;1;PT;ACB;FALSO;PT;A08161;;;;0;0,001;0;0;;;64;
5PANT305538B;Mirta Pantalla Colgante 3055/38 Ø380xH240 mm Blanco;A08170;37;4;14;PT;ACB;FALSO;COMP;A08170;;;;0,047355;0,91;0;0;A12 35 2 (;;38;
S8218031VE;Stroll Sobremesa 8218 Verde Pálido, LED 3.5W 296lm, CRI90 CL.III IP65, LED integrado, Interruptor táctil, Regulador Kelvin step 2200-2700, Regulable intensidad, Batería integrada;A08171;93;3;4;PT;ACB;FALSO;PT;A08171;;;;0,007943;1,33;0;0;;;93;
K1014070BH;Kit Base Ø140 mm Blanco RAL 9016, LED 10W 1100lm, CRI90 CL.II IP44, 2700K-3000K-4000K Slide Switch;A08180;367;14;40;PT;OTROS;FALSO;PT;A08180;;;;0,0018;0,38;0;0;;;379;
A3432170B;Aldo Aplique 16/3432-53 Opal/Blanco Texturado, LED 18W 1300lm, CRI90 CL.II IP44, LED integrado, 3000K-4000K Slide Switch;A08181;249;1;1;PT;ACB;FALSO;PT;A08181;;;;0,003969;0,78;0;0;;;249;
P3742074N;Aliso Plafón 3742/47 Negro Texturado, LED 38W 3708lm, CRI90 CL.I, LED integrado, 2700K-3000K-4000K Slide Switch;A08190;61;10;22;PT;ACB;FALSO;PT;A08190;;;;0,0305;4,405;0;0;;"A11 02 1 (29)
";62;
P3758372B;Minsk Plafón 3758/80 Blanco Texturado, LED 70W 10280lm, CRI90 CL.I, LED integrado, 2700K-3000K-4000K Slide Switch;A08191;67;2;2;PT;ACB;FALSO;PT;A08191;;;;0;0;0;0;;B03 16 2 //;67;
P3453270B;Isia Plafón 3453/80 Blanco Texturado, LED 88W 8440lm, CRI90 CL.I, LED integrado, 3000K-4000K Slide Switch;A08200;2;2;12;PT;OTROS;FALSO;PT;A08200;P3453272B;B03140;38;0,10115;10,13;0;0;;"
";4;
K4006140OP;Moon Tulipa Ø280 mm Opal;A08210;659;16;25;PT;OTROS;FALSO;PT;A08210;;;;0;0,001;0;0;A08 23 2 (;"A10 28 2 (66)               A10 08 2 (66)           A12 08 2  (66)
A12 02 1 (46)               A07 36 2 (54) 
A08 20 1 (54).             A08 21 1 (54)
A04 29 3 (54)              A07 28 2 (54) 
A08 28 2 (54)

";674;
A3833171N;Fosca Aplique 16/3833-60 Negro Texturado, LED 18W 1800lm, CRI90 CL.I, LED integrado, 2700K-3000K-4000K Slide Switch;A08220;80;11;38;PT;ACB;FALSO;PT;A08220;;;;0,0041;1,62;0;0;;;110;
A3990171O;Diva Aplique 16/3990-60 Oro Viejo Mate, LED 18W 1250lm, CRI90 CL.II IP44, LED integrado, 2700K-3000K Slide Switch;A08221;0;6;11;PT;OTROS;FALSO;PT;A08221;A3990172O;A07020;222;0,060527;6,75;0;0;;"

     
";6;
K1014270BH;Kit Base Ø267 mm Blanco RAL 9016, LED 24W 2520lm, CRI90 CL.II IP44, 2700K-3000K-4000K Slide Switch;A08230;529;14;39;PT;OTROS;FALSO;PT;A08230;;;;0,007148;0,97;0;0;A08 27 1  ;A10 19 2 (108)              A09 01 2 (144);532;
K4005140NL;Dins Tulipa Ø260 mm Negro Mate Liso;A08240;137;7;10;PT;OTROS;FALSO;PT;A08240;;;;0,014616;1,63;0;0;;"A09 02 1 (36) 
pendiente de revisar
B04 19 2(54)

";138;
P3851070N;Lisboa Plafón 3851/40 Negro Texturado, LED 31,5W 2873lm + 5W 634lm, CRI90 CL.I, 3000K-4000K Slide Switch;A08241;79;11;15;PT;ACB;FALSO;PT;A08241;;;;0,0251;3,52;0;0;;"NO UBICAR HASTA QUE NO QUEDEN UNIDADES NI PEDIDAS DEL P385140N   A06 08 2 (50)
";80;
P3848272N;Grace Plafón 3848/58 Negro Texturado, LED 44W 3960lm, CRI90 CL.I, LED integrado, 2700K-3000K-4000K Slide Switch;A08250;8;6;10;PT;ACB;FALSO;PT;A08250;;;;0,0359;5,55;0;0;;;30;
A8202083BSP;Stilo Aplique 16/8202 Blanco Texturado, LED 3W 3000K 285lm + LED E27 15W, CRI90 CL.I, Dos interruptores, Con USB, USB-C, Sin pantalla;A08260;86;7;20;PT;ACB;FALSO;PT;A08260;;;;0,012348;1,19;0;0;A06 36 2 (;;86;
5PANTH8178N;Pantalla Pie Clip 8178 D400xH140 mm Negro;A08270;14;7;15;PT;OTROS;FALSO;COMP;A08270;H8178NSP;A08280;76;0,035221;1,37;0;0;;;14;
H8178NSP;Clip Lámpara de pie 8178 Negro Texturado, LED E27 15W, CL.II, Sin pantalla;A08280;76;10;23;PT;OTROS;FALSO;PT;A08280;;;;0,056962;5,5;0;0;;"A06 24 1 (20)      A04 27 3 (20)    
B08 32 2 (20)   

 
";76;
K1014380BH;Moon Kit Base Ø347 mm Blanco RAL 9016, LED E27 3x15W, CL.II IP44;A08281;75;2;2;PT;OTROS;FALSO;PT;A08281;K4006340OP;A09270;198;0,011324;1,32;0;0;;;75;
K4006040OP;Moon Tulipa Ø190 mm Opal;A08290;233;6;23;PT;OTROS;FALSO;PT;A08290;;;;0;0,77;0;0;A07 34 1 (;A08 30 2 (72);234;
C8163182NLSP;Maui Colgante 8163/4 Negro Mate Liso, LED E27 4x15W, CL.I, Sin tulipa;A08300;19;;;PT;ACB;FALSO;PT;A08300;;;;0,015988;1,305;0;0;;;20;
P3760472BDP;London Plafón 3760/80 Blanco Texturado, LED 70W 10280lm, CRI90 CL.I, LED integrado, 2700K-3000K-4000K Slide Switch, Dim. DALI/Push, ON-DEMAND **;A08310;21;6;24;PT;ACB;FALSO;PT;A08310;P3760472B;A07010;152;0,0718;10;0;0;;;21;
K0014040AB;Doris Tulipa  Ø120 mm Ámbar;A08320;168;23;31;PT;ACB;FALSO;PT;A08320;;;;0,003048;0,24;0;0;;;173;
P03953N;Dins Plafón 395/32 Negro Mate, LED E27 2x15W, CL.II IP44;A08330;87;1;16;PT;OTROS;FALSO;PT;A08330;K4005240NL;A14230;135;0,021506;2,48;0;0;A10 02 2 (;"
";87;
K4010040TE;Duo Pantalla Ø160mm Terracota RAL 3016;A08340;147;7;11;PT;ACB;FALSO;PT;A08340;;;;0,00697;0,385;0;0;;;148;
P3760071N;London Plafón 3760/20 Negro Texturado, LED 12W 840lm, CRI90 CL.I, LED integrado, 3000K-4000K Slide Switch;A08350;168;1;14;PT;OTROS;FALSO;PT;A08350;P3760072N;A09061;102;0,004418;0,71;0;0;;"

";168;
P3980100N;Invisible Plafón 272mm Negro Texturado, LED 24W 3000K 1790lm, CRI90 CL.II;A08351;74;1;5;PT;ACB;FALSO;PT;A08351;;;;0,001218;0,78;0;0;;;74;
P3980200N;Invisible Plafón 66mm Square Negro Texturado, LED 9W 3000K 680lm, CRI90 CL.I;A08351;111;2;3;PT;ACB;FALSO;PT;A08351;;;;0,00064;0,39;0;0;;;111;
P4028070B;Paris Plafón 4028/30 Blanco Texturado, LED 22W 2765lm, CRI90 CL.I IP54, LED integrado, 2700K-3000K-4000K Slide Switch;A08360;186;4;10;PT;ACB;FALSO;PT;A08360;;;;0,013862;2,885;1;0;A09 04 1 (;A09 25 2 (83);187;
E3771292NSD;Kidal Empotrable Ø60mm Negro Texturado, LED COB 5W 2700K 560lm, CRI90 CL.II IP44/IP20, Sin Driver;A08370;28;2;6;PT;OTROS;FALSO;PT;A08370;;;;0,000747;0,125;0;0;;;98;
K0021140BL;Sign Bisel Oval Blanco;A08370;200;8;9;PT;OTROS;FALSO;PT;A08370;E4037070SP;A04201;327;0,000047;0,035;0;0;;;207;
K1001141B;Invisible Kit Colgante 3980 Union L Blanco Texturado, Sin iluminación, Sin instalación;A08370;74;;;PT;ACB;FALSO;PT;A08370;;;;0,000468;0,21;0;0;;;74;
K1001141N;Invisible Kit Colgante 3980 Union L Negro Texturado, Sin iluminación, Sin instalación;A08370;83;;;PT;ACB;FALSO;PT;A08370;;;;0,000468;0,21;0;0;;;83;
K1030040N;Lineo Kit Colgante Negro Texturado, Sin iluminación;A08370;143;9;10;PT;ACB;FALSO;PT;A08370;;;;0;0;0;0;;;146;
K3001041T;Move Lente Ø64mm 15° Transparente;A08370;62;2;3;PT;ACB;FALSO;PT;A08370;E3984070BSPSD;;692;0,000075;0,01;0;0;;;62;
K4001040N;Custo 3818 Pantalla esférica luz focal Ø94x46 mm Negro Texturado/Opal;A08370;93;3;6;PT;ACB;FALSO;PT;A08370;C3818172N;A02161;207;0;0;0;0;;;94;
K0021040BL;Sign Bisel Square Blanco;A08371;195;3;4;PT;OTROS;FALSO;PT;A08371;E4037070SP;A04201;327;0,000047;0,035;0;0;;;202;
K1001040B;Invisible Kit Colgante 3980 Union lineal Blanco Texturado, CL.I, Sin iluminación;A08371;38;;;PT;ACB;FALSO;PT;A08371;;;;0,001509;0,5;0;0;;;38;
K1001041B;Invisible Kit Colgante 3980 Union lineal Blanco Texturado, Sin iluminación, Sin instalación;A08371;65;1;2;PT;ACB;FALSO;PT;A08371;;;;0,000468;0,13;0;0;;;65;
K1001140B;Invisible Kit Colgante 3980 Union L Blanco Texturado, CL.I, Sin iluminación;A08371;30;;;PT;ACB;FALSO;PT;A08371;;;;0,001509;0,575;0;0;;;30;
K1002043NDP;Pipe Kit Colgante Ø60mm Negro Texturado, CL.I, Dim. DALI/Push, Sin iluminación;A08371;12;3;8;PT;ACB;FALSO;PT;A08371;;;;0,001124;0,37;0;0;;;12;
K3000141T;Pipe Lente Ø100mm 50° Transparente;A08371;24;1;7;PT;ACB;FALSO;PT;A08371;;;;0,000238;0,08;0;0;;;24;
K3000240T;Pipe Lente Ø45mm 15° Transparente;A08371;144;;;PT;ACB;FALSO;PT;A08371;;;;0,000075;0,01;0;0;;;145;
K3001141T;Move Lente Ø64mm 50° Transparente;A08371;73;;1;PT;ACB;FALSO;PT;A08371;E3984070BSPSD;;692;0,000075;0,01;0;0;;;73;
K3002140T;Kidal Reflector Ø60mm 15° Transparente;A08371;50;;;PT;ACB;FALSO;PT;A08371;E3771202BSD;A05121;251;0;0;0;0;;;50;
KDRV011DT;Kit Driver CC100-180mA/7W, CL.II;A08371;0;2;5;PT;OTROS;FALSO;PT;A08371;;;;0;0,001;0;0;;;0;
1BIS1004N;Move Bisel 2xØ85mm Cuadrado Negro Texturado;A08372;2;1;3;PT;OTROS;FALSO;COMP;A08372;;;;0,000892;0,27;0;0;A08 37 3 (;;92;
E2063090B;Orion Empotrable 2063/6 Blanco Texturado, LED 3W 2700K 55lm, CRI90 CL.II IP65;A08372;85;1;1;PT;ACB;FALSO;PT;A08372;;;;0,0006;0,34;0;0;;;135;
K1001040N;Invisible Kit Colgante 3980 Union lineal Negro Texturado, CL.I, Sin iluminación;A08372;32;;1;PT;ACB;FALSO;PT;A08372;;;;0,001509;0,49;0;0;;;32;
K1001041N;Invisible Kit Colgante 3980 Union lineal Negro Texturado, Sin iluminación, Sin instalación;A08372;61;;1;PT;ACB;FALSO;PT;A08372;;;;0,000468;0,13;0;0;;;61;
K1002040N;Easy Link Kit Colgante Negro Texturado, CL.I, Sin iluminación;A08372;51;1;4;PT;ACB;FALSO;PT;A08372;;;;0,001124;0,415;6;0;;;61;
K1002041B;Easy Link Kit Colgante Blanco Texturado, Sin iluminación, Sin instalación;A08372;68;1;4;PT;ACB;FALSO;PT;A08372;;;;0,0003;0,09;24;0;;;92;
K1002141B;Easy Link Unión L 90 Blanco;A08372;75;2;5;PT;ACB;FALSO;PT;A08372;;;;0,00063;0,16;0;0;;;76;
K1002341N;Easy Link Embellecedor con salida Negro;A08372;31;3;3;PT;ACB;FALSO;PT;A08372;;;;0,000468;0,14;0;0;;;40;
1BIS1001N;Move Bisel Ø64mm Cuadrado Negro Texturado;A08373;275;1;7;PT;OTROS;FALSO;COMP;A08373;;;;0,000238;0,07;0;0;A08 37 3 (;;275;
1BIS1005N;Move Bisel 3xØ85mm Cuadrado Negro Texturado;A08373;144;;1;PT;OTROS;FALSO;COMP;A08373;;;;0,00132;0,38;0;0;;;147;
K0021240BL;Sign Bisel Line Blanco;A08373;237;3;4;PT;OTROS;FALSO;PT;A08373;E4037070SP;A04201;327;0,000047;0,035;0;0;;;237;
K1028041N;Unión Colgante Horizontal Pantallas Totem;A08373;5;2;2;PT;ACB;FALSO;PT;A08373;;;;0;0;0;0;;;6;
K3002340T;Kidal Reflector Ø100mm 15° Transparente;A08373;70;;;PT;ACB;FALSO;PT;A08373;E3771102BSD;A05181;337;0;0;0;0;;;70;
C3946480OMSP;Parma Colgante Oro Viejo Mate, LED E27 5x15W, CL.I, Sin tulipa;A09010;71;6;20;PT;ACB;FALSO;PT;A09010;;;;0,0516;2,95;0;0;A08 04 1 (;A10 07 2 (20);72;
E3453373B;Isia Empotrable 3453/30 Blanco Texturado, LED 18W 2300lm, CRI90 CL.I, 2700K-3000K-4000K Slide Switch;A09011;98;;;PT;ACB;FALSO;PT;A09011;;;;0,022054;2,02;0;0;A10 02 1 (;;100;
C3999070B;Oslo Colgante Ø510mm Blanco Texturado, LED 22W 2580lm, CRI90 CL.I, 2700K-3000K-4000K Slide Switch;A09020;195;2;3;PT;ACB;FALSO;PT;A09020;;;;0,067257;6,105;0;0;;"
B01 26 2 (20)   B01 27 2 (20)
B01 23 2 (20)  B01 24 2 (20)
B01 28 2 (20)  B01 43 2 20)
B01 29 2  (20) (B02 23 1 (20). 
 B02 25 2 (20)





";196;
A9439000;Estela Espejo 700(h)x600mm, LED 34W 3000K 2650lm, CRI90 CL.II IP44;A09030;8;2;2;PT;ACB;FALSO;PT;A09030;;;;0,046008;7,976;0;0;;;8;
P3453172N;Isia Plafón 3453/60 Negro Texturado, LED 52W 6335lm, CRI90 CL.I, LED integrado, 2700K-3000K-4000K Slide Switch;A09040;27;4;14;PT;ACB;FALSO;PT;A09040;;;;0,058243;5,73;0;0;A10 14 2 (;"            
A08 26 2 (22)";51;
C3874080N;Gina Colgante 3874/2 Negro Texturado, LED GU10 2x8W, CL.I;A09050;119;;1;PT;ACB;FALSO;PT;A09050;;;;0,017028;1,46;0;0;A08 03 2 (;;119;
A3971081NMSP;Romeo Aplique 16/3971 Niquel Mate, LED 3W 3000K 285lm + LED E27 15W, CRI90 CL.I, Dos interruptores, Con USB, USB-C, Orientable, Sin pantalla;A09051;75;14;15;PT;ACB;FALSO;PT;A09051;;;;0,0073;0,8;0;0;;;75;
K0014040FU;Doris Tulipa Ø120mm Fumé;A09060;208;12;19;PT;ACB;FALSO;PT;A09060;;;;0,003048;0,24;0;0;;;264;
P3760072N;London Plafón 3760/20 Negro Texturado, LED 12W 1515lm, CRI90 CL.I, LED integrado, 2700K-3000K-4000K Slide Switch;A09061;102;7;14;PT;ACB;FALSO;PT;A09061;;;;0,004418;0,71;0;0;;;109;
P3760272N;London Plafón 3760/40 Negro Texturado, LED 22W 3225lm, CRI90 CL.I, LED integrado, 2700K-3000K-4000K Slide Switch;A09070;310;33;55;PT;ACB;FALSO;PT;A09070;;;;0,0193;2,3;0;0;A06 31 2 (;"A07 03 2 (59) A06 18 2 (59)
A05 20 2 (64) A06 17 2 (59) 


";319;
C3815471N;Halo Colgante Negro Texturado/Opal, LED 4x5W 1480lm, CRI90 CL.I, 2700K-3000K Slide Switch;A09071;15;2;6;PT;OTROS;FALSO;PT;A09071;;;;0,068076;7,55;0;0;;"

";15;
5PANT0024B;Pantalla 0024 D620xD520xH370 mm Blanco;A09080;40;7;16;PT;ACB;FALSO;COMP;A09080;;;;0,018027;2,47;0;0;;"A09 13 2 (8)                A10 09 2 (8) 
A12 13 2 (8)
";43;
P0969171OP;Moon Plafón 969/28 Opal, LED 18W 1890lm, CRI90 CL.II IP44, LED integrado, 2700K-3000K-4000K Slide Switch;A09090;19;;8;PT;OTROS;FALSO;PT;A09090;K4006140OP;A08210;659;0,013312;1,8;0;0;;"
";21;
P3759371N;Munich Plafón 3759/120 Negro Texturado, LED 55W 4197lm, CRI90 CL.I, LED integrado, 3000K-4000K Slide Switch;A09100;46;2;4;PT;OTROS;FALSO;PT;A09100;P3759372N;A06320;9;0,074592;6,2;0;0;A09 12 2 (;;46;
5PANT8204080B;Pantalla 8204 D400xH225 mm Blanco;A09110;29;3;7;PT;OTROS;FALSO;COMP;A09110;;;;0,046225;1,05;0;0;A10 23 1 (;"


";40;
P385243B;Koe Plafón 3852/48 2.8K-4K-6K Blanco Texturado, LED 36W 4400lm, CRI90 CL.II IP43, Regulable Kelvin, Regulable intensidad, Control por Voz;A09120;125;2;9;PT;OTROS;FALSO;PT;A09120;;;;0,007056;2,04;1;0;;;126;
K4009140AB;Sira Tulipa Ø350 mm Ámbar;A09121;20;4;7;PT;OTROS;FALSO;PT;A09121;;;;0;0;0;0;;;21;
5PANT0010B;Pantalla 0010 D420xD350xH240 mm Blanco;A09130;18;9;20;PT;ACB;FALSO;COMP;A09130;H8202080N;;0;0,05445;1,1;0;0;;"
";41;
P3760271NDP;London Plafón 3760/40 Negro Texturado, LED 22W 1679lm, CRI90 CL.I, LED integrado, 3000K-4000K Slide Switch, Dim. DALI/Push;A09131;6;;3;PT;OTROS;FALSO;PT;A09131;P3760272N;A09070;310;0,017424;2,3;0;0;;;6;
A940601LP;Adriana Espejo 16/9406 LED, LED 40W 3000K 3458lm, CRI90 CL.II IP44, LED integrado, Interruptor táctil;A09140;17;2;4;PT;OTROS;FALSO;PT;A09140;;;;0,075026;15,38;0;0;A09 12 1  ;"
";17;
P3848172N;Grace Plafón 3848/48 Negro Texturado, LED 38W 3450lm, CRI90 CL.I, LED integrado, 2700K-3000K-4000K Slide Switch;A09150;20;6;18;PT;ACB;FALSO;PT;A09150;;;;0,025688;3,945;0;0;;;25;
A3730271U;Menorca Aplique 450mm Cuero, LED 12W 1480lm, CRI90 CL.II IP44, 3000K-4000K Slide Switch;A09160;179;6;10;PT;ACB;FALSO;PT;A09160;;;;0,005099;0,925;0;0;A12 05 1 (;"
";179;
P3946080O;Parma Plafón 3946/18 IP Opal/Oro Viejo Mate, LED E27 15W, CL.II IP44, (E27 max. Ø45 mm);A09170;114;4;14;PT;OTROS;FALSO;PT;A09170;P3946082OMSP;;412;0,01872;1,3;0;0;;"A10 03 2 (60)  




";114;
K0011340OP;Parma Tulipa Ø400mm Opal;A09171;61;4;4;PT;ACB;FALSO;PT;A09171;;;;0,092137;2,48;0;0;A07 05 2 (;"A12 07 2 (12)              A16 17 2 (12)                B02 31 1   (12)   B04 39 1 (12))

";64;
P3706070OP;Aten Plafón 3706/40 Opal, LED 36W 4000lm, CRI90 CL.I, LED integrado, 3000K-4000K Slide Switch;A09180;24;5;17;PT;OTROS;FALSO;PT;A09180;;;;0,024598;1,47;0;0;;;29;
P3760072B;London Plafón 3760/20 Blanco Texturado, LED 12W 1515lm, CRI90 CL.I, LED integrado, 2700K-3000K-4000K Slide Switch;A09181;86;26;36;PT;ACB;FALSO;PT;A09181;;;;0,004418;0,71;1;0;;;90;
P3759071B;Munich Plafón 3759/40 Blanco Texturado, LED 26W 1983lm, CRI90 CL.I, LED integrado, 3000K-4000K Slide Switch;A09190;64;3;9;PT;OTROS;FALSO;PT;A09190;P3759072B;A09261;86;0,02403;3,43;0;0;A07 17 1 (;;64;
5PANT39137NAT;Pamela Pantalla Ø680x70mm Ratán Natural;A09200;106;7;14;PT;ACB;FALSO;COMP;A09200;;;;0,05076;1,84;0;0;;"A09 26 2 (20) 
B02 30 1 (20)      B02 14 3 (20)   


";108;
P3453072OTDP;Isia Plafón 3453/40 Oro Técnico, LED 30W 3540lm, CRI90 CL.I, LED integrado, 2700K-3000K-4000K Slide Switch, Dim. DALI/Push, ON-DEMAND **;A09201;20;;1;PT;ACB;FALSO;PT;A09201;P3453072OT;A07340;77;0,027723;2,96;0;0;;;20;
P349713BMS;Madison Plafón 3497/28 Blanco, LED 24W 1989lm, CRI90 CL.II IP54, LED integrado, Regulable Kelvin, Sensor de movimiento;A09210;20;6;20;PT;ACB;FALSO;PT;A09210;;;;0,005718;0,85;0;0;;;24;
K4008140FU;Yara Tulipa Ø350 mm Fumé;A09211;10;3;4;PT;OTROS;FALSO;PT;A09211;;;;0;0;0;0;;;12;
P385160BDP;Lisboa Plafón 3851/60 Blanco Texturado, LED 60W 3000K 5490lm + 8W 3000K 735lm, CRI90 CL.I, LED integrado, Dim. DALI/Push;A09220;6;1;10;PT;OTROS;FALSO;PT;A09220;P3851170B;A06270;70;0,055773;7;0;0;;"
";6;
P3848172NDP;Grace Plafón 3848/48 Negro Texturado, LED 38W 3450lm, CRI90 CL.I, LED integrado, 2700K-3000K-4000K Slide Switch, Dim. DALI/Push, ON-DEMAND **;A09221;21;2;5;PT;ACB;FALSO;PT;A09221;P3848172N;A09150;20;0,025688;3,945;0;0;;;21;
P3759371B;Munich Plafón 3759/120 Blanco Texturado, LED 55W 4197lm, CRI90 CL.I, LED integrado, 3000K-4000K Slide Switch;A09230;76;1;9;PT;OTROS;FALSO;PT;A09230;P3759372B;A07111;42;0,077112;6,2;0;0;A10 15 2 (;"A09 22 2 (30)      A09 28 2 (30)
";76;
C4008070N;Lineo Colgante 600mm Negro Texturado, LED 11W 1050lm, CRI90 CL.I, 2700K-3000K Slide Switch;A09231;135;3;6;PT;ACB;FALSO;PT;A09231;;;;0,0144;0;1;0;A10 05 1 (;A11 06 2 (48);143;
P3742274B;Aliso Plafón 3742/80 Blanco Texturado, LED 75W 7507lm, CRI90 CL.I, LED integrado, 2700K-3000K-4000K Slide Switch;A09231;2;2;14;PT;ACB;FALSO;PT;A09231;;;;0,084672;8,87;0;0;;"
";2;
P3759272N;Munich Plafón 3759/90 Negro Texturado, LED 39W 5900lm, CRI90 CL.I, LED integrado, 2700K-3000K-4000K Slide Switch;A09240;22;4;5;PT;ACB;FALSO;PT;A09240;;;;0,035156;4,62;0;0;;;22;
P3453072BDP;Isia Plafón 3453/40 Blanco Texturado, LED 30W 3540lm, CRI90 CL.I, LED integrado, 2700K-3000K-4000K Slide Switch, Dim. DALI/Push, ON-DEMAND **;A09241;298;1;2;PT;ACB;FALSO;PT;A09241;P3453072B;A06190;353;0,027723;2,96;0;0;A12 25 2 (;"A12 30 2 (42)                A12 09 2 (40) 
A09 15 2 (42)              A09 24 2 (40)
B04 38 1(42)";298;
A4008070B;Lineo Aplique 16/4008-60 Blanco Texturado, LED 11W 1050lm, CRI90 CL.I IP44, 2700K-3000K Slide Switch;A09250;143;3;5;PT;ACB;FALSO;PT;A09250;A4008070B-01;;0;0,0091;2,555;0;0;A09 28 1 (;;143;
K1014370BH;Moon Kit Base Ø347 mm Blanco RAL 9016, LED 36W 4000lm, CRI90 CL.II IP44, 2700K-3000K-4000K Slide Switch;A09260;124;9;9;PT;OTROS;FALSO;PT;A09260;K4006340OP;A09270;198;0,0119;1,45;0;0;;;124;
P3759072B;Munich Plafón 3759/40 Blanco Texturado, LED 22W 3225lm, CRI90 CL.I, LED integrado, 2700K-3000K-4000K Slide Switch;A09261;86;3;3;PT;ACB;FALSO;PT;A09261;;;;0,024;3,43;0;0;A11 22 2 (;;88;
K4006340OP;Moon Tulipa Ø500 mm Opal;A09270;198;12;12;PT;OTROS;FALSO;PT;A09270;;;;0,054949;3,68;0;0;A09 32 2 (;"A10 11 2 (18)              A08 27 2 (18) 
A10 18 2 (18)            A10 16 2 18) 
A09 17 2 (18)            A10 27 2 (14) 
A11 06 2 (16).          A14 03 2 (18)
A08 11 2 (18)            A13 30 2 (18)";198;
P3848372BDP;Grace Plafón 3848/78 Blanco Texturado, LED 77W 6930lm, CRI90 CL.I, LED integrado, 2700K-3000K-4000K Slide Switch, Dim. DALI/Push, ON-DEMAND **;A09280;26;2;8;PT;ACB;FALSO;PT;A09280;P3848372B;A07330;26;0,063099;8,71;0;0;;;26;
H30541B;Mirta Lámpara de pie 3054/135 Blanco, LED E27 3x15W, CL.II, Interruptor de cable;A09290;21;2;8;PT;OTROS;FALSO;PT;A09290;5PANTH30541B;A13351;19;0,071634;5,4;0;0;;"


";21;
K0013040BG;Corvus 3945 Pantalla acústica Ø400 mm Beige ;A09291;100;;;PT;ACB;FALSO;PT;A09291;;;;0,008302;0,715;0;0;;;100;
A9439140;Estela Espejo 700(h)x800mm, Sin iluminación;A09300;9;1;1;PT;ACB;FALSO;PT;A09300;A3957040N;;0;0,058968;7,514;0;0;;;9;
K1015080N;Duo Kit Colgante 3 m Negro Texturado, GU10 8W, CL.I;A09310;669;19;28;PT;ACB;FALSO;PT;A09310;;;;0,0014;0,47;0;0;;;674;
A3596002;Amanzi Espejo 700(h)x600mm, LED 34W 3000K 2650lm, CRI90 CL.II IP44;A09311;15;3;5;PT;ACB;FALSO;PT;A09311;;;;0,046008;7,976;0;0;A10 21 1 (;;22;
A4008170B;Lineo Aplique 16/4008-90 Blanco Texturado, LED 16W 1530lm, CRI90 CL.I IP44, 2700K-3000K Slide Switch;A09320;90;2;2;PT;ACB;FALSO;PT;A09320;A4008170B-01;;0;0,012635;3,56;0;0;A09 32 1 (;;90;
K4010040G;Duo Pantalla Ø160mm Gris RAL 7006;A09330;157;1;4;PT;ACB;FALSO;PT;A09330;;;;0,00697;0,385;0;0;;;157;
S81900B;Asahi Sobremesa 8190 Blanco Mate, LED 7W 3000K 380lm, CRI90 CL.III IP54, LED integrado, Interruptor táctil, Regulable intensidad, Batería integrada;A09331;75;;1;PT;OTROS;FALSO;PT;A09331;;;;0,007779;0,8;0;0;;;75;
5PANT39133NAR;Pamela Pantalla Ø350x55mm Negro Texturado/Arena;A09340;121;9;9;PT;ACB;FALSO;COMP;A09340;;;;0,010658;0,001;0;0;A09 36 2 (;;123;
81CON39136N;Kit Colgante 6m Negro Texturado, LED E27 15W, CL.I;A09341;290;3;6;PT;ACB;FALSO;COMP;A09341;81CON3913N;A01010;1193;0;0,001;0;0;;;291;
C371151N;Bellona Colgante 3711/38 Negro, LED E27 15W, CL.I;A09350;1;5;14;PT;OTROS;FALSO;PT;A09350;;;;0,05846;2,4;0;0;;"    
";2;
P3453472B;Isia Plafón 3453/30 Blanco Texturado, LED 18W 2300lm, CRI90 CL.I, 2700K-3000K-4000K Slide Switch;A09351;221;2;2;PT;ACB;FALSO;PT;A09351;;;;0,016383;1,79;0;0;A08 29 2 (;"A09 14 1 (70)   A08 07 1 ( 60)

";221;
P3974070B;Roma Plafón 3974/40 Blanco Texturado, LED 35W 2800lm + 5W 500lm, CRI90 CL.I, LED integrado, 2700K-3000K Slide Switch, Difusor Microprismático;A09360;51;4;11;PT;ACB;FALSO;PT;A09360;;;;0,0242;3,6;0;0;;;52;
C81634N;Maui Colgante 8163/4L Opal/Negro Mate, LED E27 4x15W, CL.I, (E27 max. Ø45 mm);A10010;20;1;9;PT;OTROS;FALSO;PT;A10010;C8163182NLSP;A08300;19;0,055717;3,3;0;0;;;20;
5PANT404235BN;Kira Pantalla Ø350x220mm Blanco/Negro, E27;A10011;-7;11;15;PT;ACB;FALSO;COMP;A10011;;;;0,034447;0,95;0;0;;;4;
P3758471NDP;Minsk Plafón 3758/40 Negro Texturado, LED 22W 1679lm, CRI90 CL.I, LED integrado, 3000K-4000K Slide Switch, Dim. DALI/Push;A10011;0;;;PT;OTROS;FALSO;PT;A10011;P3758172N;A07231;87;0,022264;2,8;0;0;;;0;
1CAM370735B;Tiga Pantalla Colgante Ø350mm Blanco Text/Blanco Text;A10020;1;4;8;PT;ACB;FALSO;COMP;A10020;;;;0,0273;1,8;9;0;;"
";23;
5PANT0023B;Pantalla 0023 D420xD350xH240 mm Blanco;A10030;41;6;17;PT;ACB;FALSO;COMP;A10030;;;;0,05445;1,12;0;0;;"
";41;
A8202080BSP;Stilo Aplique 16/8202 Blanco Texturado, LED E27 15W, CL.I, Sin pantalla;A10040;136;8;15;PT;ACB;FALSO;PT;A10040;A8202080B;;0;0,005;0,7;0;0;;;136;
A3946182NLSP;Parma Aplique Negro Mate Liso, LED E27 15W, CL.II IP44, Sin tulipa;A10050;141;6;9;PT;ACB;FALSO;PT;A10050;;;;0,0041;0,64;0;0;;;141;
P3759271B;Munich Plafón 3759/90 Blanco Texturado, LED 36W 2748lm, CRI90 CL.I, LED integrado, 3000K-4000K Slide Switch;A10060;16;2;6;PT;OTROS;FALSO;PT;A10060;P3759272B;A10280;16;0,035156;4,62;0;0;;;16;
K0011440AB;Parma Tulipa Ø180mm Ámbar;A10061;122;16;17;PT;ACB;FALSO;PT;A10061;;;;0,010169;0,745;0;0;A10 13 2 (;;125;
K0011440FU;Parma Tulipa Ø180mm Fumé;A10070;127;6;12;PT;ACB;FALSO;PT;A10070;;;;0,010169;0,745;0;0;;"

";127;
5PANT393125NA;Vivian Pantalla Ø280x400mm Rafia Natural, E27;A10080;-48;14;24;PT;ACB;FALSO;COMP;A10080;;;;0,04185;1,465;0;0;;"B08 10 2 (25)                  













";82;
A3990072C;Diva Aplique 16/3990-30 Cromo, LED 12W 620lm, CRI90 CL.II IP44, LED integrado, 2700K-3000K Slide Switch;A10090;39;12;20;PT;ACB;FALSO;PT;A10090;;;;0,024;3,83;0;0;;;58;
C81631N;Maui Colgante 8163/1 Opal/Negro Mate, LED E27 15W, CL.I, (E27 max. Ø45 mm);A10100;26;7;17;PT;OTROS;FALSO;PT;A10100;C8163082NLSP;A05061;152;0,036547;1,52;0;0;;;26;
P3848272BDP;Grace Plafón 3848/58 Blanco Texturado, LED 44W 3960lm, CRI90 CL.I, LED integrado, 2700K-3000K-4000K Slide Switch, Dim. DALI/Push, ON-DEMAND **;A10110;37;1;16;PT;ACB;FALSO;PT;A10110;P3848272B;A07080;112;0,035931;5,555;0;0;A10 12 2 (;;38;
A30550B;Mirta Aplique 16/3055-40 Blanco, LED E27 15W, CL.II;A10120;45;2;15;PT;ACB;FALSO;PT;A10120;;;;0,028297;0,826;0;0;;"



";49;
S3913080NSP;Pamela Sobremesa 3913 Negro Texturado, LED E27 15W, CL.II, Sin pantalla;A10121;38;1;3;PT;ACB;FALSO;PT;A10121;;;;0,020475;3;0;0;;;38;
5PANT405044BN;Totem Pantalla H3 Ø440x800mm Blanco/Negro;A10130;-7;7;9;PT;OTROS;FALSO;COMP;A10130;;;;0,179446;1,235;0;0;;;9;
5PANT39137NAR;Pamela Pantalla Ø680x70mm Negro Texturado/Arena;A10140;83;8;27;PT;ACB;FALSO;COMP;A10140;;;;0,047215;2,3;0;0;;"A06 27 2 (25) 
B11 12 1 (20)  B04 29 1 (25)

";86;
K4008140AB;Yara Tulipa Ø350 mm Ámbar;A10141;-11;2;4;PT;OTROS;FALSO;PT;A10141;;;;0;0;0;0;;;0;
P03953B;Dins Plafón 395/32 Blanco, LED E27 2x15W, CL.II IP44;A10150;105;4;17;PT;OTROS;FALSO;PT;A10150;K4005240BH;A08040;61;0,021796;2,56;0;0;;A08 09 2 (52)   ;106;
A33863B;Alba Aplique 16/3386-53 Blanco, LED E14 2x9W, CL.I;A10160;200;7;17;PT;ACB;FALSO;PT;A10160;;;;0,02142;3,405;0;0;A09 20 2 (;"A11 12 1 (36)  A12 22 1 (36)

pendiente de revisar
B04 15 2(72)


 
";201;
K4008040AB;Yara Tulipa Ø250 mm Ámbar;A10161;-10;2;3;PT;OTROS;FALSO;PT;A10161;;;;0;0,001;0;0;;;0;
K4009040AB;Sira Tulipa Ø250 mm Ámbar;A10161;22;2;4;PT;OTROS;FALSO;PT;A10161;;;;0;0;0;0;;;25;
P3761172B;Turin Plafón 3761/50 Blanco Texturado, LED 39W 5900lm, CRI90 CL.I, LED integrado, 2700K-3000K-4000K Slide Switch;A10170;33;3;7;PT;ACB;FALSO;PT;A10170;;;;0,026977;4,49;2;0;;;37;
A3252174NL;Boan Espejo 16/3252 Negro Mate Liso, LED 7W 735lm, CRI90 CL.II IP44, Aumento 5x, Con interruptor, 3000K-4000K Slide Switch, Orientable;A10180;140;5;5;PT;ACB;FALSO;PT;A10180;;;;0,0083;2,01;0;0;;;143;
C3945102B;Corvus Colgante Ø200mm Blanco Texturado, LED 12.5W 3000K 1425lm, CRI90 CL.I;A10181;196;1;2;PT;ACB;FALSO;PT;A10181;;;;0,0184;1,19;0;0;;;196;
A3799244;Bari Espejo Ø800mm, Sin iluminación;A10190;10;;;PT;ACB;FALSO;PT;A10190;;;;0,066248;6,705;0;0;;;10;
81CON38518B;Lisboa Kit Colgante CONJ.COL.3851/80 BLANCO Blanco, CL.I;A10191;45;;;PT;ACB;FALSO;COMP;A10191;;;;0,0291;3,58;0;0;A10 09 1 (;"
";45;
A9439300;Estela Espejo 1600(h)x800mm, LED 68W 3000K 5350lm, CRI90 CL.II IP44;A10200;7;3;3;PT;ACB;FALSO;PT;A10200;;;;0,124488;19,884;0;0;;;7;
C3945102N;Corvus Colgante Ø200mm Negro Texturado, LED 12.5W 3000K 1425lm, CRI90 CL.I;A10201;192;5;5;PT;ACB;FALSO;PT;A10201;;;;0,0184;1,19;0;0;;B06 26 2 //;193;
A9439040;Estela Espejo 700(h)x600mm, Sin iluminación;A10210;9;1;1;PT;ACB;FALSO;PT;A10210;;;;0,046008;5,78;0;0;;;9;
1BAS0100N;BASE 0100 Ø190 NEGRO TEXTURADO;A10220;514;4;12;PT;OTROS;FALSO;COMP;A10220;S8202080N;;0;0,0016;1,05;0;0;A09 15 1 (;"
";516;
K1027190N;Totem Kit Colgante Ø235x45mm Negro Texturado, LED 60W, CL.II;A10221;46;12;13;PT;ACB;FALSO;PT;A10221;;;;0;0,001;0;0;;;64;
5PANT0030B;Pantalla 0030 D270xD230xH160 mm Blanco;A10230;84;5;12;PT;ACB;FALSO;COMP;A10230;S8202080N;;0;0,01653;0,66;0;0;A10 25 1 (;;84;
86CON0100N;CONJUNTO 0100 NEGRO TEXTURADO TUBO SM+PORTALAMPARAS+CABLE NEGRO LED E27 1x15W;A10240;517;4;12;PT;OTROS;FALSO;COMP;A10240;S8202080N;;0;0,0015;0,49;0;0;A09 15 1 (;;519;
81CON38516N;Lisboa Kit Colgante CONJ.COL.3851/60 NEGRO Negro Texturado, CL.I;A10241;54;4;9;PT;ACB;FALSO;COMP;A10241;;;;0,0113;1,7;0;0;;;54;
86CON0102N;CONJUNTO 0102  NEGRO TEXTURADO TUBO PIE+PORTALAMPARAS+CABLE NEGRO LED E27 1x15W;A10250;52;8;13;PT;OTROS;FALSO;COMP;A10250;H8202080N;;0;0,0111;1,75;0;0;;;52;
1BAS0101N;Stilo Kit Base BASE Ø300 Negro Texturado;A10260;107;10;19;PT;OTROS;FALSO;COMP;A10260;H8202080N;;0;0,0034;2,95;0;0;;;107;
P3761272B;Turin Plafón 3761/90 Blanco Texturado, LED 39W 5900lm, CRI90 CL.I, LED integrado, 2700K-3000K-4000K Slide Switch;A10261;194;10;15;PT;ACB;FALSO;PT;A10261;;;;0,033239;4,83;1;0;B02 19 2(4;"A06 03 1 (36)
B02 20 2(40)     B01 18 2(40)
B01 33 2(40)   


";197;
P3742274N;Aliso Plafón 3742/80 Negro Texturado, LED 75W 7507lm, CRI90 CL.I, LED integrado, 2700K-3000K-4000K Slide Switch;A10270;57;5;15;PT;ACB;FALSO;PT;A10270;;;;0,0846;8,87;0;0;A06 13 2 (;A10 15 1 (10)              A08 31 2 (20);58;
K1002244B;Easy Link Perfil Curvo R 1041mm Blanco;A10271;82;1;1;PT;ACB;FALSO;PT;A10271;;;;0;0,01;0;0;;;82;
K1002244N;Easy Link Perfil Curvo R 1041mm Negro;A10271;89;;;PT;ACB;FALSO;PT;A10271;;;;0;0,01;0;0;;;89;
P3759272B;Munich Plafón 3759/90 Blanco Texturado, LED 39W 5900lm, CRI90 CL.I, LED integrado, 2700K-3000K-4000K Slide Switch;A10280;16;7;8;PT;ACB;FALSO;PT;A10280;;;;0,035156;4,62;0;0;;;19;
K4008040FU;Yara Tulipa Ø250 mm Fumé;A10281;47;4;5;PT;OTROS;FALSO;PT;A10281;;;;0;0;0;0;;;50;
K0021040NL;Sign Bisel Square Negro;A10290;183;1;1;PT;OTROS;FALSO;PT;A10290;E4037070SP;A04201;327;0,000047;0,035;0;0;;;199;
K1002147B;Easy Link Unión L 120 Blanco;A10290;89;3;4;PT;ACB;FALSO;PT;A10290;;;;0,000432;0,15;0;0;;;89;
K1002480B;Easy Link Kit Base Blanco Texturado, LED E27 15W, CL.I, Sin iluminación;A10290;68;1;3;PT;ACB;FALSO;PT;A10290;;;;0,000468;0,18;0;0;;;69;
K3000040T;Pipe Lente Ø60mm 15° Transparente;A10290;146;1;4;PT;ACB;FALSO;PT;A10290;;;;0,000075;0,03;0;0;;;157;
K3000241T;Pipe Lente Ø45mm 50° Transparente;A10290;115;1;1;PT;ACB;FALSO;PT;A10290;;;;0,000075;0,02;0;0;;;115;
K3004041T;Lente Ø40mm 50° Transparente;A10290;100;;;PT;ACB;FALSO;PT;A10290;;;;0;0;0;0;;;100;
E3980300B;Invisible Empotrable 3980/45 Blanco Texturado, LED 3W 3000K 170lm, CRI90 CL.II, LED integrado;A10291;187;1;1;PT;ACB;FALSO;PT;A10291;;;;0,000494;0,155;0;0;;;187;
E3980300N;Invisible Empotrable 3980/45 Negro Texturado, LED 3W 3000K 170lm, CRI90 CL.II, LED integrado;A10291;160;1;1;PT;ACB;FALSO;PT;A10291;;;;0,000494;0,155;0;0;;;160;
K0021140NL;Sign Bisel Oval Negro;A10291;175;4;5;PT;OTROS;FALSO;PT;A10291;E4037070SP;A04201;327;0,000047;0,035;0;0;;;175;
K1002040B;Easy Link Kit Colgante Blanco Texturado, CL.I, Sin iluminación;A10291;56;;1;PT;ACB;FALSO;PT;A10291;;;;0,000855;0,415;0;0;;;56;
K1005040B;Kidal 3771/8 Adaptador Blanco Texturado Ø95 mm Sin iluminación, Sin instalación;A10291;139;4;5;PT;ACB;FALSO;PT;A10291;E3771002BSD;A01121;1112;0,00005;0,03;0;0;;;139;
K2005041N;Easy Link Cable PVC 5 Polos L 550mm DALI/Push;A10291;74;2;2;PT;ACB;FALSO;PT;A10291;;;;0;0,1;0;0;;;75;
K2005340N;Easy Link Cable PVC 3 Polos L 2250mm ON OFF;A10291;117;4;7;PT;ACB;FALSO;PT;A10291;;;;0;0,01;0;0;;;119;
K2005341N;Easy Link Cable PVC 5 Polos L 2250mm DALI/Push;A10291;46;1;1;PT;ACB;FALSO;PT;A10291;;;;0;0,001;0;0;;;49;
K3000140T;Pipe Lente Ø100mm 15° Transparente;A10291;103;;;PT;ACB;FALSO;PT;A10291;;;;0,000238;0,07;0;0;;;103;
1BIS1003N;Move Bisel Ø85mm Cuadrado Negro Texturado;A10292;313;2;7;PT;OTROS;FALSO;COMP;A10292;;;;0,000495;0,11;0;0;A10 29  3 ;;313;
K0008040O;Pipe Bisel Ø60mm Oro Técnico;A10292;150;4;4;PT;ACB;FALSO;PT;A10292;;;;0,000238;0,06;0;0;;;150;
K0008140O;Pipe Bisel Ø100mm Oro Técnico;A10292;53;;;PT;ACB;FALSO;PT;A10292;;;;0,00063;0,105;0;0;;;53;
K0008440O;Pipe Bisel Ø45mm Oro Técnico;A10292;50;;;PT;ACB;FALSO;PT;A10292;;;;0,00238;0,045;0;0;;;50;
K0021240NL;Sign Bisel Line Negro;A10292;187;3;3;PT;OTROS;FALSO;PT;A10292;E4037070SP;A04201;327;0,000047;0,035;0;0;;;187;
K1001140N;Invisible Kit Colgante 3980 Union L Negro Texturado, CL.I, Sin iluminación;A10292;33;;;PT;ACB;FALSO;PT;A10292;;;;0,001509;0,575;0;0;;;33;
K2005241N;Easy Link Cable PVC 5 Polos L 1250mm DALI/Push;A10292;41;2;8;PT;ACB;FALSO;PT;A10292;;;;0;0,01;0;0;;;41;
K3004040T;Lente Ø40mm 11° Transparente;A10292;95;3;3;PT;ACB;FALSO;PT;A10292;;;;0;0,001;0;0;;;95;
K4000140T;Pipe Pantalla Ø60mm Transparente/Arenado;A10292;86;3;3;PT;ACB;FALSO;PT;A10292;;;;0,000238;0,095;0;0;;;86;
KDRV013DT;Kit Driver CC500-700mA/30W, CL.II;A10292;14;;;PT;OTROS;FALSO;PT;A10292;;;;0;0;0;0;;;30;
K1021140;Sign Pinzas para Solid wall;A10293;95;1;1;PT;ACB;FALSO;PT;A10293;E4037070SP;A04201;327;0,00015;0,07;0;0;;;95;
K2005040N;Easy Link Cable PVC 3 Polos L 550mm ON OFF;A10293;205;7;22;PT;ACB;FALSO;PT;A10293;;;;0;0,01;0;0;;;209;
P3989001NN;Lux Plafón 3989/60 Ø60x300mm Negro Texturado/Negro, LED COB 12W 3000K 1430lm, CRI90 CL.I, LED integrado;A10293;130;2;3;PT;ACB;FALSO;PT;A10293;;;;0,001519;0,95;0;0;;;130;
1CAM3906NB;Campana Evelyn 3906/45 Negro Texturado RAL 9005/ Blanco Texturado RAL 9003;A11010;63;8;15;PT;ACB;FALSO;COMP;A11010;;;;0,035293;1,16;0;0;A10 13 1 (;"A01 08 2 (5)                 






";65;
C3912135N;Rosa Del Desierto Colgante 3912/35 Negro, LED E27 15W, CL.I;A11011;19;1;2;PT;OTROS;FALSO;PT;A11011;;;;0,038332;2,41;0;0;;;19;
K1016190N;Kit Colgante Ø94x200 mm Negro Texturado, LED 14.5W 2700K 1315lm, CRI90 CL.I;A11020;203;8;10;PT;OTROS;FALSO;PT;A11020;;;;0;0;0;0;A09 04 2 (;;213;
P3946082NLSP;Parma Plafón Negro Mate Liso, LED E27 15W, CL.II IP44, Sin tulipa;A11030;253;26;33;PT;ACB;FALSO;PT;A11030;;;;0,0019;0,52;0;0;;;255;
A8169191NM;Kin Aplique 16/8169 Niquel Mate/Opal, LED 8W 2700K 370lm, CRI90 CL.I, LED integrado;A11031;6;;4;PT;OTROS;FALSO;PT;A11031;;;;0,014056;1,3;0;0;;;6;
K4005040NL;Dins Tulipa Ø160 mm Negro Mate Liso;A11040;55;2;5;PT;OTROS;FALSO;PT;A11040;;;;0,006009;0,66;0;0;;;55;
P3453472OT;Isia Plafón 3453/30 Oro Técnico, LED 18W 2300lm, CRI90 CL.I, 2700K-3000K-4000K Slide Switch;A11050;69;1;1;PT;ACB;FALSO;PT;A11050;;;;0,016383;1,79;0;0;;;69;
P4028170B;Paris Plafón 4028/40 Blanco Texturado, LED 32.5W 4545lm, CRI90 CL.I IP54, LED integrado, 2700K-3000K-4000K Slide Switch;A11060;194;3;6;PT;ACB;FALSO;PT;A11060;;;;0,023023;4,59;0;0;A11 06 1 (;"A11 07 2 (54)    A11 08 2 (54)

";194;
A4043140;Sunset Espejo 720(h)xØ800mm, Sin iluminación;A11070;9;2;2;PT;ACB;FALSO;PT;A11070;;;;0;5,78;0;0;;;10;
P3759271N;Munich Plafón 3759/90 Negro Texturado, LED 36W 2748lm, CRI90 CL.I, LED integrado, 3000K-4000K Slide Switch;A11071;30;;1;PT;OTROS;FALSO;PT;A11071;P3759272N;A09240;22;0,035156;4,62;0;0;;;30;
1CAM0002NN;Tiga Pantalla Ø350mm Negro Text/Negro Text;A11080;95;2;4;PT;ACB;FALSO;COMP;A11080;;;;0;0;0;0;A14 23 2 (;A12 16 1 (48);95;
K4009140FU;Sira Tulipa Ø350 mm Fumé;A11081;10;9;10;PT;OTROS;FALSO;PT;A11081;;;;0;0;0;0;;;16;
P349713BEM;Madison Plafón 3497/28 Blanco, LED 24W 1989lm, CRI90 CL.II IP54, LED integrado, Regulable Kelvin, Kit de emergencia;A11090;91;5;11;PT;ACB;FALSO;PT;A11090;;;;0,005718;0,85;0;0;;"
";91;
A9439140N;Estela Espejo 710(h)x810mm Negro Texturado, Sin iluminación;A11091;7;;;PT;ACB;FALSO;PT;A11091;;;;0,058968;9,248;0;0;;;7;
K4006240OP;Moon Tulipa Ø350 mm Opal;A11100;592;13;19;PT;OTROS;FALSO;PT;A11100;;;;0,0285;2,2;0;0;A03 24 3 (;"A12 15 2 (54)        A10 24 2 (54) 
B03 36 2(54)         A02 33 3 (54)
A04 18 3 (54)       A15 17 2 (54) 
A12 20 2 (42).      B11 11 1(42)
B04 28 2(54)
   

";595;
A4044040NL;Double Espejo Negro Mate Liso, Sin iluminación;A11110;4;1;1;PT;ACB;FALSO;PT;A11110;;;;0,063525;14,1;0;0;;;4;
K1002180N;Easy Link Kit Base Parma Negro Texturado, LED E27 15W, CL.I, Sin iluminación;A11111;167;6;7;PT;ACB;FALSO;PT;A11111;;;;0;0,001;0;0;;;168;
A3833271O;Fosca Aplique 16/3833-90 Oro Técnico, LED 30W 2600lm, CRI90 CL.I, LED integrado, 2700K-3000K-4000K Slide Switch;A11120;150;5;8;PT;ACB;FALSO;PT;A11120;;;;0,006279;2,365;0;0;A11 10 1 (;;154;
P3764280N;Zoom Plafón 3764/150 Negro Texturado, LED GU10 8W, CL.I;A11140;48;;2;PT;ACB;FALSO;PT;A11140;;;;0,006938;2,535;0;0;;;48;
C3450170B;Dilga Colgante 3450/45 Blanco texturado, LED 27W 2100lm, CRI90 CL.I, LED integrado, 2700K-3000K Slide Switch;A11141;18;;1;PT;OTROS;FALSO;PT;A11141;;;;0,041616;2,75;0;0;;;18;
P3764280B;Zoom Plafón 3764/150 Blanco Texturado, LED GU10 8W, CL.I;A11150;54;;;PT;ACB;FALSO;PT;A11150;;;;0,006938;2,535;0;0;;;54;
P3453072NDP;Isia Plafón 3453/40 Negro Texturado, LED 30W 3540lm, CRI90 CL.I, LED integrado, 2700K-3000K-4000K Slide Switch, Dim. DALI/Push, ON-DEMAND **;A11160;70;;3;PT;ACB;FALSO;PT;A11160;P3453072N;A07370;195;0,027723;2,96;0;0;A11 19 2;;71;
A4008170N;Lineo Aplique 16/4008-90 Negro Texturado, LED 16W 1530lm, CRI90 CL.I IP44, 2700K-3000K Slide Switch;A11170;76;1;6;PT;ACB;FALSO;PT;A11170;A4008170N-01;;0;0,012635;3,56;0;0;A11 16 1 (;;78;
H8191080O;Naos Lámpara de pie 8191/130 Oro Tecnico, LED E27 15W, CL.II, Con interruptor;A11180;15;1;10;PT;ACB;FALSO;PT;A11180;;;;0,091637;2,53;0;0;A12 14 2 (;;15;
C3848372N;Grace Colgante 3848/78 Negro Texturado, LED 77W 6930lm, CRI90 CL.I, LED integrado, 2700K-3000K-4000K Slide Switch;A11190;-7;6;10;PT;ACB;FALSO;PT;A11190;;;;0,063488;5,572;0;0;;;1;
C3820680NSP;Doris Colgante 3820/20 Negro Texturado, LED G9 20x7W, CL.I, Sin tulipa;A11191;2;5;5;PT;ACB;FALSO;PT;A11191;;;;0,484866;12,525;0;0;A14 19 2 (;;4;
1CAM370725NB;Tiga Pantalla Ø250mm Negro Text/Blanco Text;A11210;46;;2;PT;OTROS;FALSO;COMP;A11210;1CAM370725NN;B03130;-14;0,011343;1;0;0;;;46;
P3761071N;Turin Plafón 3761/90 Negro Texturado, LED 36W 2748lm, CRI90 CL.I, LED integrado, 3000K-4000K Slide Switch;A11211;16;3;3;PT;OTROS;FALSO;PT;A11211;P3761272N;;53;0,032487;4,52;0;0;;;17;
5PANT39164ARLI;Aspen 3916/45 Pantalla Arena/Lino;A11220;20;6;16;PT;ACB;FALSO;COMP;A11220;;;;0,075576;1,6;0;0;;"








";20;
1BAS0101B;Stilo Kit Base BASE Ø300 Blanco Texturado;A11221;-27;6;13;PT;OTROS;FALSO;COMP;A11221;H8202080B;;0;0,0034;2,96;3;0;;;10;
5PANT405074BN;Totem Pantalla H1 Ø740x400mm Blanco/Negro;A11230;-8;7;8;PT;OTROS;FALSO;COMP;A11230;;;;0,251256;3,35;0;0;;A11 28 2 (8);10;
C3450270N;Dilga Colgante 3450/60 Negro Texturado, LED 48W 3730lm, CRI90 CL.I, LED integrado, 2700K-3000K Slide Switch;A11240;10;1;4;PT;OTROS;FALSO;PT;A11240;;;;0,07038;4,3;0;0;;"



";10;
A4010080CR;Talya Aplique 16/4010 Crudo, LED E27 15W, CL.I;A11250;165;4;6;PT;ACB;FALSO;PT;A11250;;;;0;0,001;0;0;A11 24 1 (;;165;
A3596202;Amanzi Espejo 700(h)x1100mm, LED 49W 3000K 3850lm, CRI90 CL.II IP44;A11260;8;6;6;PT;ACB;FALSO;PT;A11260;;;;0,046008;12,716;0;0;A09 08 1;;10;
A3596302;Amanzi Espejo 1600(h)x800mm, LED 68W 3000K 5350lm, CRI90 CL.II IP44;A11260;5;1;1;PT;ACB;FALSO;PT;A11260;;;;0,117208;19,884;0;0;;;5;
K1025040B;Kit Colgante Tija Ø19x750mm Blanco Texturado, CL.I, Sin iluminación;A11280;47;;1;PT;ACB;FALSO;PT;A11280;;;;0;0,001;1;0;;;48;
A3833371O;Fosca Aplique 16/3833-140 Oro Técnico, LED 43W 3800lm, CRI90 CL.I, LED integrado, 2700K-3000K-4000K Slide Switch;A11281;37;3;11;PT;ACB;FALSO;PT;A11281;;;;0,009725;3,71;0;0;;;41;
C3820580OVSP;Doris Colgante 3820/8 Oro Viejo, LED G9 8x7W, CL.I, Sin tulipa;A12010;58;17;19;PT;ACB;FALSO;PT;A12010;;;;0,135546;4,325;0;0;;"
  B06 28 2 (10)
B06 29 2 (10)   B01 35 2 (10)
B01 36 2 (10)   








NO UBICAR HASTA QUE NO QUEDEN UNIDADES NI PEDIDAS DEL C382082O";60;
A3799104N;Bari Espejo Ø610mm Negro Texturado, LED 25W 3000K 1950lm, CRI90 CL.II IP44;A12011;5;3;3;PT;ACB;FALSO;PT;A12011;;;;0,040328;6,358;0;0;;;6;
A3990172C;Diva Aplique 16/3990-60 Cromo, LED 18W 1250lm, CRI90 CL.II IP44, LED integrado, 2700K-3000K Slide Switch;A12020;62;15;19;PT;ACB;FALSO;PT;A12020;;;;0,0414;6,53;0;0;A10 08 1 (;"A12 02 1 (30)

  ";87;
C392650NA;Moyana Colgante 3926/50 Rafia Natural, LED E27 15W, CL.I;A12020;0;1;4;PT;OTROS;FALSO;PT;A12020;;;;0,136752;2,95;0;0;;;0;
5PANT39135NAL;Pamela Pantalla Ø500x55mm Negro Texturado/Alga;A12030;11;1;5;PT;OTROS;FALSO;COMP;A12030;;;;0,027846;1,47;0;0;;;13;
1CAM3906B;Campana Evelyn 3906/45 Blanco Texturado RAL 9003;A12040;32;4;7;PT;ACB;FALSO;COMP;A12040;;;;0,035293;1,16;0;0;;A12 20 2 (35)         ;33;
P3760572NDP;London Plafón 3760/100 Negro Texturado, LED 136W 21520lm, CRI90 CL.I, LED integrado, 2700K-3000K-4000K Slide Switch, Dim. DALI/Push, ON-DEMAND **;A12041;0;2;3;PT;ACB;FALSO;PT;A12041;P3760572N;A16320;12;0,17496;14;0;0;;;2;
S3820180N;Doris Sobremesa 3820 Opal/Negro Texturado, LED G9 2x7W, CL.II;A12041;1;1;1;PT;OTROS;FALSO;PT;A12041;;;;0,0225;2,17;0;0;;;1;
P3946180N;Parma Plafón 3946/30 IP Negro Mate/Opal, LED E27 15W, CL.II IP44;A12050;0;2;8;PT;OTROS;FALSO;PT;A12050;P3946082NLSP;A11030;253;0,066082;2,3;0;0;;;0;
P3453272N;Isia Plafón 3453/80 Negro Texturado, LED 67W 9180lm, CRI90 CL.I, LED integrado, 2700K-3000K-4000K Slide Switch;A12060;33;1;6;PT;ACB;FALSO;PT;A12060;;;;0,100555;11,24;0;0;A09 13 2 (;"B07 16 2 (14)
";34;
K1016090N;Kit Colgante Ø94x150 mm Negro Texturado, LED 9.5W 2700K 855lm, CRI90 CL.I;A12061;275;3;5;PT;OTROS;FALSO;PT;A12061;;;;0;0;0;0;A12 18 1 (;"A11 25 1 (120)
";295;
S3945000N;Corvus Sobremesa 3945 Negro Texturado, LED 4.2W 3000K 530lm, CRI90 CL.II, LED integrado, Interruptor de cable;A12061;5;1;5;PT;ACB;FALSO;PT;A12061;;;;0,01353;2,055;0;0;B01 43 2;;5;
5PANT39166ARLI;Aspen 3916/60 Pantalla Arena/Lino;A12070;13;5;10;PT;ACB;FALSO;COMP;A12070;;;;0,174636;3,275;0;0;A12 31 1 (;"A10 15 2 (8)                


";13;
A9406000;Adriana Espejo 1100(h)x670mm, LED 38W 3000K 3000lm, CRI90 CL.II IP44;A12071;4;2;2;PT;ACB;FALSO;PT;A12071;;;;0,075504;7,8;0;0;;;4;
C8163082OMSP;Maui Colgante 8163 Oro Viejo Mate, LED E27 15W, CL.I, Sin tulipa;A12080;58;11;11;PT;ACB;FALSO;PT;A12080;;;;0,0055;0,625;0;0;;;63;
C3450170N;Dilga Colgante 3450/45 Negro Texturado, LED 27W 2100lm, CRI90 CL.I, LED integrado, 2700K-3000K Slide Switch;A12081;0;2;7;PT;OTROS;FALSO;PT;A12081;;;;0,038584;3;0;0;;;4;
K1014280BH;Kit Base Ø267 mm Blanco RAL 9016, LED E27 2x15W, CL.II IP44;A12090;301;14;16;PT;OTROS;FALSO;PT;A12090;;;;0;0;0;0;A12 29 1 (;;302;
K1016191N;Kit Base Ø94x200 mm Negro Texturado, LED 14.5W 2700K 1315lm, CRI90 CL.I;A12091;178;9;15;PT;OTROS;FALSO;PT;A12091;;;;0;0;0;0;B04 06 1;;183;
K4010040NL;Duo Pantalla Ø160mm Negro Mate Liso;A12100;244;2;6;PT;ACB;FALSO;PT;A12100;;;;0,00697;0,385;0;0;A09 05 2 (;;245;
A3730371U;Menorca Aplique 700mm Cuero, LED 17W 1900lm, CRI90 CL.II IP44, 3000K-4000K Slide Switch;A12101;60;3;4;PT;ACB;FALSO;PT;A12101;;;;0;1,335;0;0;;;62;
P0395180NM;Dins Plafón 395/26 Níquel Mate, LED E27 2x15W, CL.II IP44;A12110;131;1;7;PT;OTROS;FALSO;PT;A12110;K4005140NM;;27;0,012493;1,7;0;0;;"A13 24 1 (55)   A14 08 1 (54)
";131;
C3946380NLSP;Parma Colgante Negro Mate Liso, LED E27 2x15W, CL.I, Sin tulipa;A12120;71;2;3;PT;ACB;FALSO;PT;A12120;;;;0,06264;2,1;0;0;B06 18 2 (;"B04 30 1 (20)   B02 36 1  (15)

";71;
A3799144;Bari Espejo Ø600mm, Sin iluminación;A12121;10;;;PT;ACB;FALSO;PT;A12121;;;;0,040328;3,815;0;0;;;10;
C3999070N;Oslo Colgante Ø510mm Negro Texturado, LED 22W 2580lm, CRI90 CL.I, 2700K-3000K-4000K Slide Switch;A12130;193;4;5;PT;ACB;FALSO;PT;A12130;;;;0,067257;6,105;0;0;B01 42 2 (;"B01 40 2 (20)    B06 32 1 (20)
B01 41 2 (20)    B02 22 2 (20)
B01 39 2 (20)    B02 26 2 (20)
B02 21 2 (20)  
B02 24 1 (20)   




    
";195;
A4045040NL;Shelf Espejo Negro Mate Liso, Sin iluminación;A12140;5;;;PT;ACB;FALSO;PT;A12140;;;;0,10812;13,62;0;0;;;5;
A3799104;Bari Espejo Ø600mm, LED 25W 3000K 1950lm, CRI90 CL.II IP44;A12141;68;9;9;PT;ACB;FALSO;PT;A12141;A3799103STS;;0;0,040328;5,317;0;0;;"B06 06 2 (26)        B08 26 2 (15) 
B01 20 1 (27)";69;
86CON0105B;GINA 3874 CONJUNTO 0105 TUBO PIE BLANCO TEXTURADO + CABLE BLANCO LED GU10 2x8W;A12150;123;5;15;PT;OTROS;FALSO;COMP;A12150;H3874080B;;0;0,03854;2,255;0;0;B08 07 2 (;"A12 12 2 (20)   B08 16 1  (30)
B08 21 2   (30)

";124;
P0395071NM;Dins Plafón 395/16 Niquel Mate, LED 10W 1100lm, CRI90 CL.II IP44, LED integrado, 2700K-3000K-4000K Slide Switch;A12151;23;;3;PT;OTROS;FALSO;PT;A12151;K4005040NM;;28;0,005292;1;0;0;;;23;
A4046040NL;Verona Espejo Negro Mate Liso, Sin iluminación;A12160;0;;;PT;ACB;FALSO;PT;A12160;;;;0,1144;18,86;0;0;;;5;
P3453172BDT;Isia Plafón 3453/60 Blanco Texturado, LED 52W 6335lm, CRI90 CL.I, LED integrado, 2700K-3000K-4000K Slide Switch, Dim. Triac, ON-DEMAND **;A12170;44;3;8;PT;ACB;FALSO;PT;A12170;P3453172B;A06340;211;0,058243;5,73;0;0;B05 14 2 (;;44;
A4043040;Sunset Espejo 540(h)xØ600mm, Sin iluminación;A12171;10;1;1;PT;ACB;FALSO;PT;A12171;;;;0;3,468;0;0;;;10;
A8202083NSP;Stilo Aplique 16/8202 Negro Texturado, LED 3W 3000K 285lm + LED E27 15W, CRI90 CL.I, Dos interruptores, Con USB, USB-C, Sin pantalla;A12180;512;2;13;PT;ACB;FALSO;PT;A12180;;;;0,012936;1,19;0;0;;"A12 29 2 (105)           A11 10 2 (108)

A12 03 2 (89)


";522;
H3820180O;Doris Lámpara de pie 3820 Oro Viejo/Opal, LED G9 2x7W, CL.II;A12190;0;2;12;PT;OTROS;FALSO;PT;A12190;;;;0,13185;5,87;0;0;;"
";1;
A3799103;Bari Espejo 16/3799-60, LED 26W 3000K 2246lm, CRI90 CL.II IP44, LED integrado, Interruptor táctil;A12200;48;1;8;PT;OTROS;FALSO;PT;A12200;A3799103STS;;0;0,050118;6,44;0;164;A08 07 2 (;"A08 23 1 (15)

";50;
A4005070OM;Divino Aplique 16/4005-30 Oro Viejo Mate, LED 16W 626lm, CRI90 CL.II IP44, 2200K-2700K-3000K Slide Switch;A12210;212;19;34;PT;ACB;FALSO;PT;A12210;;;;0,011516;2,065;0;0;A11 03 2 (;;211;
C81633O;Maui Colgante 8163/3 Opal/Oro Viejo Mate, LED E27 3x15W, CL.I, (E27 max. Ø45 mm);A12220;6;2;5;PT;OTROS;FALSO;PT;A12220;;;;0,105592;6,5;0;0;;"

";6;
C3874080B;Gina Colgante 3874/2 Blanco Texturado, LED GU10 2x8W, CL.I;A12230;102;;;PT;ACB;FALSO;PT;A12230;;;;0,017028;1,46;0;0;;"B07 27 2(66)
";102;
1CAM370725BO;Tiga Pantalla Ø250mm Blanco Texturado/Oro Técnico;A12231;8;;1;PT;OTROS;FALSO;COMP;A12231;;;;0,011343;1;70;0;;;78;
P0395271N;Dins Plafón 395/32 Negro Mate, LED 24W 2520lm, CRI90 CL.II IP44, LED integrado, 2700K-3000K-4000K Slide Switch;A12240;24;1;6;PT;OTROS;FALSO;PT;A12240;K4005240NL;A14230;135;0,021796;2,6;0;0;;;24;
P384831N;Grace Plafón 3848/78 Negro Texturado, LED 80W 4000K 6800lm, CRI90 CL.I, LED integrado;A12241;13;;;PT;OTROS;FALSO;PT;A12241;P3848372N;A13050;46;0,06889;5,8;0;0;A13 26 2 (;"

";19;
P4015070WAL;Cora Plafón Ø335mm Nogal/Negro Texturado, LED 25W 2375lm, CRI90 CL.I, 2700K-3000K Slide Switch;A12250;199;;1;PT;ACB;FALSO;PT;A12250;;;;0,026568;1,625;0;0;A12 17 2 (;A12 20 1 (60)              A12 25 1 (60);199;
5PANT0003B;PANTALLA SOBREMESA 8191/55 Ø250 X 440(H) CRUDO;A12260;15;2;8;PT;OTROS;FALSO;COMP;A12260;S8191180O;;0;0,0363;0,76;0;0;;;15;
S8191182OSP;Naos Sobremesa 8191/55 (H54) Oro Tecnico, LED E27 15W, CL.II, Con interruptor, Sin pantalla;A12261;17;2;8;PT;OTROS;FALSO;PT;A12261;S8191180O;;0;0,039962;1,45;0;0;;;17;
A3815170N;Halo Aplique Negro Texturado/Opal, LED 5W 370lm, CRI90 CL.I, 2700K-3000K Slide Switch;A12270;237;1;11;PT;ACB;FALSO;PT;A12270;;;;0,0265;2,15;0;0;A12 26 2 (;"B06 03 2 (50)    B07 18 2 (50)   A12 22 2
 (60)  ";237;
P3453172BDP;Isia Plafón 3453/60 Blanco Texturado, LED 52W 6335lm, CRI90 CL.I, LED integrado, 2700K-3000K-4000K Slide Switch, Dim. DALI/Push, ON-DEMAND **;A12280;19;8;17;PT;ACB;FALSO;PT;A12280;P3453172B;A06340;211;0,058243;5,73;10;0;;"


";29;
P3453272BDP;Isia Plafón 3453/80 Blanco Texturado, LED 67W 9180lm, CRI90 CL.I, LED integrado, 2700K-3000K-4000K Slide Switch, Dim. DALI/Push, ON-DEMAND **;A12281;26;1;1;PT;ACB;FALSO;PT;A12281;P3453272B;B03140;38;0,100555;11,24;0;0;A14 15 1 (;A15 31 2 (18);26;
A3664181BDER;Hold Aplique 16/3664 Blanco texturado, Pan. Blanca, LED 3W 3000K 285lm + LED E27 15W, CRI90 CL.I, Dos interruptores, Con USB, USB-C, Orientable;A12290;2;5;13;PT;OTROS;FALSO;PT;A12290;;;;0,023184;1,91;0;0;;"

";2;
C3946380OMSP;Parma Colgante Oro Viejo Mate, LED E27 2x15W, CL.I, Sin tulipa;A12300;72;2;2;PT;ACB;FALSO;PT;A12300;;;;0,06264;2,1;0;0;B03 02 3(2;"B07 13 2 (20)    B06 16 2 (15)



";72;
K4010140NL;Duo Pantalla Ø500mm Negro Mate Liso;A12301;144;4;6;PT;ACB;FALSO;PT;A12301;;;;0;0;0;0;A13 08 2 (;"A13 06 2 (18 //  A14 06 2 (18) //               B11 08 1//  B08 38 2 //  B06 27 2 // 
A14 09 2 (18) // B10 06 2 //

";144;
K1025040N;Kit Colgante Tija Ø19x750mm Negro Texturado, CL.I, Sin iluminación;A12310;32;;1;PT;ACB;FALSO;PT;A12310;;;;0;0,001;0;0;;;38;
P3999070N;Oslo Plafón Ø410mm Negro Texturado, LED 22W 2580lm, CRI90 CL.I, 2700K-3000K-4000K Slide Switch;A12320;243;6;7;PT;ACB;FALSO;PT;A12320;;;;0,035952;3,515;0;0;B10 17 2 4;"A12 24 2 (41)    A12 32 2  (33) (33)
B04 32 1(26)

B10 16 2 (42)    B10 15 2 (42)

";243;
P0395071N;Dins Plafón 395/16 Negro Mate, LED 10W 1100lm, CRI90 CL.II IP44, LED integrado, 2700K-3000K-4000K Slide Switch;A11040;15;2;4;PT;OTROS;FALSO;PT;A12321(;K4005040NL;A11040;55;0,005292;1;0;0;;;15;
5PANT39164BLI;Aspen 3916/45 Pantalla Blanco/Lino;A12330;6;7;14;PT;ACB;FALSO;COMP;A12330;;;;0,075576;1,6;0;0;;;9;
P3758072B;Minsk Plafón 3758/30 Blanco Texturado, LED 18W 2520lm, CRI90 CL.I, LED integrado, 2700K-3000K-4000K Slide Switch;A12340;211;9;11;PT;ACB;FALSO;PT;A12340;;;;0,013685;1,85;21;0;A12 16 2 (;"A11 18 2 (104)
";232;
C382083N;Doris Colgante 3820/155 Negro Texturado/Opal, LED G9 20x7W, CL.I;A12341;6;;6;PT;OTROS;FALSO;PT;A12341;C3820680NSP;A11191;2;0,53217;14,6;0;0;A12 33 1 (;"  

";6;
P351213BMS;Square Plafón 3512/28 Blanco, LED 24W 1989lm, CRI90 CL.II IP54, LED integrado, Regulable Kelvin, Sensor de movimiento;A12350;125;1;7;PT;ACB;FALSO;PT;A12350;;;;0,005718;0,85;0;0;;"


";127;
P3851170BDT;Lisboa Plafón 3851/60 Blanco Texturado, LED 54W 4849lm + 7,5W 1188lm, CRI90 CL.I, LED integrado, 3000K-4000K Slide Switch, Dim. Triac, ON-DEMAND **;A12351;11;3;12;PT;ACB;FALSO;PT;A12351;P3851170B;A06270;70;0,054925;6,14;0;0;;;12;
ACB62110;62110 Bombilla , LED GU10 1x8W 5000K 900lm, CL.N/A;A12360;11;;;PT;OTROS;FALSO;PT;A12360;;;;0,000157;0,61;0;0;;;11;
ACB62126;Bombilla 62126 LED E27 6W 190º 4000K 660lm CRI80;A12360;21;1;1;PT;ACB;FALSO;PT;A12360;;;;0,000172;0,001;0;0;;;21;
ACB62158;Bombilla Deco Globo 62158 LED E27 7W 360º 2700K 750lm CRI80;A12360;72;6;14;PT;ACB;FALSO;PT;A12360;;;;0,001815;0,123;0;0;;;76;
ACB62157;Bombilla Deco Slim 62157 LED E27 7W 360º 2700K 750lm CRI80 ;A12361;32;3;4;PT;ACB;FALSO;PT;A12361;;;;0,000735;0,09;0;0;;;32;
ACB62165;Bombilla 62165 LED E27 7W 190º 3000K 640lm CRI80 Regulable intensidad;A12361;41;2;3;PT;ACB;FALSO;PT;A12361;;;;0,000198;0,32;0;0;;;41;
ACB62388;Bombilla 62388 LED E27 9W 270º 4000K 950lm CRI80;A12361;34;;2;PT;ACB;FALSO;PT;A12361;;;;0,000422;0,01;0;0;;;34;
ACB62394;Bombilla 62394 LED E27 14W 270º 4000K 1500lm CRI80;A12361;19;;1;PT;ACB;FALSO;PT;A12361;;;;0,000472;0,69;0;0;;;19;
ACB62399;Bombilla 62399 LED GU10 8W 120º 2700K 900lm CRI80;A12361;6;7;9;PT;ACB;FALSO;PT;A12361;;;;0,000157;0,61;0;0;;;43;
ACB62429;Bombilla 62429 LED E27 11W 270º 3000K 1100lm CRI80 Regulable intensidad;A12361;34;2;11;PT;ACB;FALSO;PT;A12361;;;;0,000472;0,69;0;0;;;34;
ACB62432;Bombilla Globo 62432 LED E14 9W 180º 4000K 1100lm CRI80;A12361;24;;;PT;ACB;FALSO;PT;A12361;;;;0,000202;0,6;0;0;;;24;
ACB62435;Bombilla 62435 LED E27 9W 180º 4000K 1100lm CRI80;A12361;43;1;3;PT;ACB;FALSO;PT;A12361;;;;0,000211;0,56;0;0;;;43;
ACB62505;Módulo 62505 120°, GU10 6,5W 3000K 650lm, CRI80;A12361;80;2;2;PT;ACB;FALSO;PT;A12361;;;;0;0,001;0;0;;;80;
ACB62560;Módulo 62560 120°, GU10 6,5W 4000K 650lm, CRI80;A12361;40;;;PT;ACB;FALSO;PT;A12361;;;;0;0;0;0;;;40;
ACB62580;Bombilla 62580 EST FIL, E27 8W 3000K 960lm, Regulable intensidad;A12361;21;5;7;PT;ACB;FALSO;PT;A12361;;;;0;0,001;0;0;;;21;
ACB62586;Bombilla 62586 LED GU10 7W 12º 3000K 600lm CRI80 Regulable intensidad;A12361;30;;6;PT;ACB;FALSO;PT;A12361;;;;0;0,01;0;0;;;30;
ACB62637;Módulo 62637 120°, GU10 6,5W 2700K 650lm, CRI80;A12361;35;1;1;PT;ACB;FALSO;PT;A12361;;;;0;0;0;0;;;35;
ACB62638;Módulo 62638 60°, GU10 6,5W 2700K 650lm, CRI80;A12361;34;1;2;PT;ACB;FALSO;PT;A12361;;;;0,000091;0,05;0;0;;;34;
ACB62639;Módulo 62639 60°, GU10 6,5W 3000K 650lm, CRI80;A12361;39;;1;PT;ACB;FALSO;PT;A12361;;;;0;0;0;0;;;39;
ACB62640;Módulo 62640 60°, GU10 6,5W 4000K 650lm, CRI80;A12361;40;;;PT;ACB;FALSO;PT;A12361;;;;0;0;0;0;;;40;
ACB62162;"BOMBILLA 62162 R7S J118 RG 15W 5000K		";A12362;2;;;PT;OTROS;FALSO;PT;A12362;;;;0;0;0;0;;;2;
ACB62274;Bombilla 62274 LED GU10 7W 24º 2700K 600lm CRI80 Regulable intensidad;A12362;56;1;5;PT;ACB;FALSO;PT;A12362;;;;0;0,01;0;0;;;56;
ACB62275;62275 Bombilla , LED G9 1x7W 3000K 700lm, CL.N/A;A12362;2;;;PT;OTROS;FALSO;PT;A12362;;;;0,000024;0,15;0;0;;;2;
ACB62395;62395 Bombilla , LED E27 1x14W 5000K 1500lm, CL.N/A;A12362;1;;;PT;OTROS;FALSO;PT;A12362;;;;0,000472;0,69;0;0;;;1;
ACB62437;Bombilla Vela 62437 LED E14 9W 180º 3000K 1100lm CRI80;A12362;29;1;2;PT;ACB;FALSO;PT;A12362;;;;0,000188;0,56;0;0;;;29;
ACB62438;Bombilla Vela 62438 LED E14 9W 180º 4000K 1100lm CRI80;A12362;30;;1;PT;ACB;FALSO;PT;A12362;;;;0,000188;0,56;0;0;;;30;
ACB62439;Flama 62439 Bombilla , LED E14 1x9W 5000K 1100lm, CL.N/A;A12362;14;;;PT;OTROS;FALSO;PT;A12362;;;;0,000188;0,56;0;0;;;14;
ACB62472;62472 BOMBILLA , LED GU10 1x7W 3000K 620lm, CL.I;A12362;2;;;PT;OTROS;FALSO;PT;A12362;;;;0;0,001;0;0;;;2;
ACB62540;Bombilla 62540 LED GU10 7W 12º 2700K 600lm CRI80 Regulable intensidad;A12362;99;2;4;PT;ACB;FALSO;PT;A12362;;;;0;0,001;0;0;;;99;
ACB62582;Bombilla 62582 EST FIL, E27 5W 3000K 600lm, Regulable intensidad;A12362;20;1;3;PT;ACB;FALSO;PT;A12362;;;;0,000172;0,025;0;0;;;22;
ACB62583;Bombilla 62583 LED GU10 7W 60º 2700K 600lm CRI80 Regulable intensidad;A12362;73;2;3;PT;ACB;FALSO;PT;A12362;;;;0;0,01;0;0;;;73;
ACB62585;Bombilla 62585 LED GU10 7W 60º 4000K 600lm CRI80 Regulable intensidad;A12362;24;1;1;PT;ACB;FALSO;PT;A12362;;;;0,000171;0,58;0;0;;;24;
ACB62587;Bombilla 62587 LED GU10 7W 12º 4000K 600lm CRI80 Regulable intensidad;A12362;25;;;PT;ACB;FALSO;PT;A12362;;;;0;0,01;0;0;;;25;
ACB62588;Bombilla 62588 LED GU10 7W 24º 3000K 600lm CRI80 Regulable intensidad;A12362;74;3;6;PT;ACB;FALSO;PT;A12362;;;;0;0,01;0;0;;;74;
ACB62589;Bombilla 62589 LED GU10 7W 24º 4000K 600lm CRI80 Regulable intensidad;A12362;40;;;PT;ACB;FALSO;PT;A12362;;;;0;0;0;0;;;40;
ACB62159;Bombilla Deco Globo 62159 LED E27 7W 360º 2700K 750lm CRI80;A12363;33;2;6;PT;ACB;FALSO;PT;A12363;;;;0,004225;0,21;0;0;;"
";33;
ACB62383;Bombilla Deco Globo 62383 LED E27 7W 360º 2700K 750lm CRI80 Regulable intensidad;A12363;25;;;PT;ACB;FALSO;PT;A12363;;;;0,004225;0,21;0;0;;;25;
ACB62605;Bombilla Deco Globo 62605 Mirror LED E27 6W 360º 2700K 750lm CRI80;A12363;25;1;2;PT;ACB;FALSO;PT;A12363;;;;0,002957;0,2;0;0;;;25;
P3453372B;Isia Plafón 3453/100 Blanco Texturado, LED 126W 17210lm, CRI90 CL.I, LED integrado, 2700K-3000K-4000K Slide Switch;A13010;-10;5;14;PT;ACB;FALSO;PT;A13010;;;;0,1574;18,2;0;0;;;2;
P3761072B;Turin Plafón 3761/30 Blanco Texturado, LED 18W 2520lm, CRI90 CL.I, LED integrado, 2700K-3000K-4000K Slide Switch;A13011;90;2;5;PT;ACB;FALSO;PT;A13011;;;;0,010712;1,77;0;0;;;94;
P4015070OAK;Cora Plafón Ø335mm Haya/Blanco Texturado, LED 25W 2375lm, CRI90 CL.I, 2700K-3000K Slide Switch;A13020;197;2;2;PT;ACB;FALSO;PT;A13020;;;;0,026568;1,625;0;0;A11 09 2 (;A03 21 3 (60);198;
A9755040N;Daniela Espejo 1200(h)xØ600mm Negro Texturado, Sin iluminación;A13021;0;;1;PT;ACB;FALSO;PT;A13021;;;;0,074408;9,248;0;0;;;0;
P3761072N;Turin Plafón 3761/30 Negro Texturado, LED 18W 2520lm, CRI90 CL.I, LED integrado, 2700K-3000K-4000K Slide Switch;A13030;91;3;3;PT;ACB;FALSO;PT;A13030;;;;0,0107;1,77;0;0;;;91;
P3973070B;Oporto Plafón 3973/40 Blanco Texturado, LED 35W 2800lm + 5W 500lm, CRI90 CL.I, LED integrado, 2700K-3000K Slide Switch, Difusor Microprismático;A13031;101;3;5;PT;ACB;FALSO;PT;A13031;;;;0,0242;4,7;0;0;A13 19 2( ;"A13 27 2 (41)   



";101;
P4015170OAK;Cora Plafón Ø425mm Haya/Blanco Texturado, LED 38W 3610lm, CRI90 CL.I, 2700K-3000K Slide Switch;A13040;167;3;3;PT;ACB;FALSO;PT;A13040;;;;0,043783;2,575;0;0;A13 16 2 (;"A09 31 2 (29)                  A04 26 3 (29) 
A04 22 3 (29)                  A03 22 3 (29)";167;
81CON38518BDP;Lisboa Kit Colgante CONJ.COL.3851/80 B-DALI Blanco, CL.I;A13041;42;;;PT;ACB;FALSO;COMP;A13041;81CON38518B;A10191;45;0,013016;2,1;0;0;B03 03 2 (;;42;
P3848372N;Grace Plafón 3848/78 Negro Texturado, LED 77W 6930lm, CRI90 CL.I, LED integrado, 2700K-3000K-4000K Slide Switch;A13050;46;;;PT;ACB;FALSO;PT;A13050;;;;0,063099;8,71;0;0;A14 17 1;A14 20 2 (20)             ;47;
86CON0102B;CONJUNTO 0102  BLANCO TEXTURADO TUBO PIE+PORTALAMPARAS+CABLE NEGRO LED E27 1x15W;A13060;0;4;9;PT;OTROS;FALSO;COMP;A13060;H8202080B;;0;0,0111;1,75;1;0;;;34;
P3973170B;Oporto Plafón 3973/60 Blanco Texturado, LED 65W 6000lm + 9W 760lm, CRI90 CL.I, LED integrado, 2700K-3000K Slide Switch, Difusor Microprismático;A13061;33;;3;PT;ACB;FALSO;PT;A13061;;;;0,054921;10,73;0;0;B08 09 2 (;"


";44;
P3761172N;Turin Plafón 3761/50 Negro Texturado, LED 39W 5900lm, CRI90 CL.I, LED integrado, 2700K-3000K-4000K Slide Switch;A13070;70;;;PT;ACB;FALSO;PT;A13070;;;;0,026977;4,49;0;0;A09 07 2 (;;70;
5PANT392830NA;Lennis 3928 D300xH280 mm Fibra Natural;A13080;38;4;9;PT;OTROS;FALSO;COMP;A13080;;;;0,037026;1,5;0;0;A14 32 2 (;;38;
P3851270N;Lisboa Plafón 3851/80 Negro Texturado, LED 76W 6890lm + 10,5W 1267lm, CRI90 CL.I, LED integrado, 3000K-4000K Slide Switch;A13090;31;3;4;PT;ACB;FALSO;PT;A13090;;;;0,0939;11,07;0;0;A14 01 2 (;;31;
E3453673B;Isia Empotrable 3453/60 Blanco Texturado, LED 52W 6335lm, CRI90 CL.I, LED integrado, 2700K-3000K-4000K Slide Switch;A13100;127;6;9;PT;ACB;FALSO;PT;A13100;;;;0,07182;6,275;0;0;A13 12 2 (;"A13 11 2 (17)            A15 27 2 (17) 
B11 01 1(17)
A13 10 2 (17)           

B11 02 1(17)                B09 27 2(17)
B01 31 2(15)                B09 28 2(17)";163;
C382083O;Doris Colgante 3820/155 Oro Viejo/Opal, LED G9 20x7W, CL.I;A13101;5;;2;PT;OTROS;FALSO;PT;A13101;C3820680OVSP;A13201;10;0,538;13,4;0;0;A14 12 1 (;;5;
P3848172BDP;Grace Plafón 3848/48 Blanco Texturado, LED 38W 3450lm, CRI90 CL.I, LED integrado, 2700K-3000K-4000K Slide Switch, Dim. DALI/Push, ON-DEMAND **;A13110;22;2;8;PT;ACB;FALSO;PT;A13110;P3848172B;A06050;177;0,025688;3,945;0;0;;    ;22;
P3946280NLSP;Parma Plafón Negro Mate Liso, LED E27 2x15W, CL.I, Sin tulipa;A13120;75;;;PT;ACB;FALSO;PT;A13120;;;;0,016422;1,235;0;0;A14 16 1 (;;75;
P3851070BDP;Lisboa Plafón 3851/40 Blanco Texturado, LED 31,5W 2873lm + 5W 634lm, CRI90 CL.I, 3000K-4000K Slide Switch, Dim. DALI/Push, ON-DEMAND **;A13130;41;2;3;PT;ACB;FALSO;PT;A13130;P3851070B;A06170;156;0,025168;3,7;0;0;;;42;
P3999170B;Oslo Plafón Ø600mm Blanco Texturado, LED 38W 4840lm, CRI90 CL.I, 2700K-3000K-4000K Slide Switch;A13140;116;4;6;PT;ACB;FALSO;PT;A13140;;;;0,075184;6,95;2;108;B07 24 2 (;")     B06 22 2 (18)
B05 28 1 (18)     B05 31 1 (18)
B05 32 1 (18)     B05 33 1 (18)  








";126;
C3997170B;Loop Módulo Ø800mm Blanco Texturado, LED 65W 5525lm, CRI90 CL.III, 2700K-3000K Slide Switch;A13150;108;3;5;PT;ACB;FALSO;PT;A13150;;;;0,067729;4,88;0;0;B07 03 2 (;"A04 15 3 (27)    
B04 10 3 (27)
";109;
P3759171N;Munich Plafón 3759/60 Negro Texturado, LED 52W 3967lm, CRI90 CL.I, LED integrado, 3000K-4000K Slide Switch;A13151;33;;1;PT;OTROS;FALSO;PT;A13151;P3759172N;B05140;5;0,05031;5,76;0;50;B02 34 2 (;"
";42;
A3730371C;Menorca Aplique 700mm Cromo, LED 17W 1900lm, CRI90 CL.II IP44, 3000K-4000K Slide Switch;A13160;97;1;1;PT;ACB;FALSO;PT;A13160;;;;0;1,335;0;0;;;97;
C3848472N;Grace Colgante 3848/98 Negro Texturado, LED 89W 8000lm, CRI90 CL.I, LED integrado, 2700K-3000K-4000K Slide Switch;A13161;2;3;5;PT;ACB;FALSO;PT;A13161;;;;0,102752;7,78;0;0;A11 12 2 (;"NO UBICAR HASTA QUE NO QUEDEN UNIDADES NI PEDIDAS DEL C3848470N    
";28;
1CAM0001BB;Tiga Pantalla Ø250mm Blanco Text/Blanco Text;A13170;145;2;3;PT;ACB;FALSO;COMP;A13170;;;;0;0;1;0;A14 18 1 (;;146;
P3851270B;Lisboa Plafón 3851/80 Blanco Texturado, LED 76W 6890lm + 10,5W 1267lm, CRI90 CL.I, LED integrado, 3000K-4000K Slide Switch;A13180;38;4;12;PT;ACB;FALSO;PT;A13180;;;;0,0882;11,02;0;0;A14 07 2 (;"

";39;
C3848470N;Grace Colgante 3848/98 Negro Texturado, LED 100W 8150lm, CRI90 CL.I, LED integrado, 2700K-3000K Slide Switch;A13181;4;1;4;PT;OTROS;FALSO;PT;A13181;C3848472N;A13161;2;0,10816;7,39;0;0;;;4;
5PANT39133NTJ;Pamela Pantalla Ø350x55mm Arcilla;A13190;61;8;8;PT;ACB;FALSO;COMP;A13190;;;;0,010658;0,001;0;0;;;64;
A3799144N;Bari Espejo Ø610mm Negro Texturado, Sin iluminación;A13191;0;2;2;PT;ACB;FALSO;PT;A13191;;;;0,040328;4,855;0;0;;;0;
P3974070N;Roma Plafón 3974/40 Negro Texturado, LED 35W 2800lm + 5W 500lm, CRI90 CL.I, LED integrado, 2700K-3000K Slide Switch, Difusor Microprismático;A13200;60;4;10;PT;ACB;FALSO;PT;A13200;;;;0,0242;3,59;3;0;;"A13 17 1 (30)

";63;
C3820680OVSP;Doris Colgante 3820/20 Oro Viejo, LED G9 20x7W, CL.I, Sin tulipa;A13201;10;3;3;PT;ACB;FALSO;PT;A13201;;;;0,4848;12,52;0;0;A14 34 2 (;"A14 09 1 (3)
A13 03 2 (3)      
";10;
A3189270N;Gala Aplique 16/3189-90 Negro Texturado, LED 43W 5190lm, CRI90 CL.I, LED integrado, 2700K-3000K Slide Switch;A13210;1;;3;PT;OTROS;FALSO;PT;A13210;A3189273N;A02132;26;0,011921;2,62;0;0;;;26;
K0010090B;Base múltiple circular Ø400 mm 3/5 salidas Blanco Texturado;A13220;58;4;5;PT;ACB;FALSO;PT;A13220;;;;0;0,001;0;0;A13 27 1 (;;59;
P3453372BDP;Isia Plafón 3453/100 Blanco Texturado, LED 126W 17210lm, CRI90 CL.I, LED integrado, 2700K-3000K-4000K Slide Switch, Dim. DALI/Push, ON-DEMAND **;A13221;31;;2;PT;ACB;FALSO;PT;A13221;P3453372B;A13010;-10;0,157464;18,2;0;0;B02 28 2 (;"B04 08 3 (10)
";31;
1CAM370725NO;Tiga Pantalla Ø250mm Negro texturado/Oro Técnico;A13230;3;3;6;PT;OTROS;FALSO;COMP;A13230;;;;0,011343;1;0;0;;;3;
P384610N;Morgan Plafón 3846/19 Negro Texturado, LED 18W 3000K 1600lm, CRI90 CL.I, LED integrado;A13231;7;1;2;PT;OTROS;FALSO;PT;A13231;;;;0,007255;1;0;0;;;8;
P3453172OT;Isia Plafón 3453/60 Oro Técnico, LED 52W 6335lm, CRI90 CL.I, LED integrado, 2700K-3000K-4000K Slide Switch;A13240;13;7;9;PT;ACB;FALSO;PT;A13240;;;;0,058243;5,73;0;44;B08 02 2 (; ;15;
A3820180NSP;Doris Aplique 16/3820-4 Negro Texturado, LED G9 4x7W, CL.I IP44, Sin tulipa;A13250;91;4;6;PT;ACB;FALSO;PT;A13250;;;;0,039154;1,785;0;0;A14 26 2 (;"B03 31 2 (30)


";92;
S8218031B;Stroll Sobremesa 8218 Blanco Mate, LED 3.5W 296lm, CRI90 CL.III IP65, LED integrado, Interruptor táctil, Regulador Kelvin step 2200-2700, Regulable intensidad, Batería integrada;A13251;130;3;7;PT;ACB;FALSO;PT;A13251;;;;0,007943;1,33;0;0;;;130;
5PANT39133NN;Pamela Pantalla Ø350x55mm Negro Texturado/Negro;A13260;95;2;2;PT;ACB;FALSO;COMP;A13260;;;;0,010658;0,001;0;0;;;95;
C816352N;Maui Colgante 8163/5 Opal/Negro Mate, LED E27 5x15W, CL.I, (E27 max. Ø45 mm);A13261;17;;1;PT;OTROS;FALSO;PT;A13261;;;;0,13456;8,53;0;0;B09 09 2 (;"

";17;
P3999170N;Oslo Plafón Ø600mm Negro Texturado, LED 38W 4840lm, CRI90 CL.I, 2700K-3000K-4000K Slide Switch;A13270;166;5;8;PT;ACB;FALSO;PT;A13270;;;;0,075184;6,95;0;72;A11 11 2 (;"A15 08 2 (18)   B02 01 3 (18)
B02 02 3 (18)    B02 03 2 (18)
B02 08 3 (18)    B02 10 3 (18)
B02 11 2 (18)    B08 31 2 (18)
B02 13 3 (18)    








";167;
C3997370B;Loop Módulo Ø1200mm Blanco Texturado, LED 83W 7055lm, CRI90 CL.III, 2700K-3000K Slide Switch;A13280;34;;2;PT;ACB;FALSO;PT;A13280;;;;0,144585;8,87;1;60;;A16 01 2 (10)        A15 07 2 (10);36;
A4029090NSP;Kit Base Aplique/Plafón Ø150x35mm Negro Texturado, LED 10W 2700K 830lm, CRI90 CL.I IP65, Sin tulipa;A13281;0;24;35;PT;OTROS;FALSO;PT;A13281;;;;0;0,001;0;0;;;191;
A9439100;Estela Espejo 700(h)x800mm, LED 40W 3000K 3150lm, CRI90 CL.II IP44;A13281;2;2;3;PT;ACB;FALSO;PT;A13281;;;;0,058968;9,826;0;0;;;2;
K1012151BDP;Loop Kit Colgante 3L E-F Ø380mm Blanco Texturado, LED 300W, CL.I, Dim. DALI/Push, ON-DEMAND **;A13290;119;;1;PT;ACB;FALSO;PT;A13290;;;;0,010647;3,59;0;0;A14 21 2 (;;119;
C3848472B;Grace Colgante 3848/98 Blanco Texturado, LED 89W 8000lm, CRI90 CL.I, LED integrado, 2700K-3000K-4000K Slide Switch;A13291;42;6;9;PT;ACB;FALSO;PT;A13291;;;;0,102752;7,78;0;0;A15 33 2 (;A01 23 3 (13) // B04 34 1 //;42;
K1012051B;Loop Kit Colgante 3L B Ø290mm Blanco Texturado, LED 100W, CL.I;A13300;260;1;3;PT;ACB;FALSO;PT;A13300;;;;0,005947;1,965;2;0;;A16 36 2 (120);264;
C3997070N;Loop Módulo Ø600mm Negro Texturado, LED 52W 4420lm, CRI90 CL.III, 2700K-3000K Slide Switch;A13310;115;9;14;PT;ACB;FALSO;PT;A13310;;;;0,040401;3,035;0;0;A14 35 2 (;" B03 19 2 (30)
B09 14 1 (29)
";116;
C3450270NDP;Dilga Colgante 3450/60 Negro Texturado, LED 48W 3730lm, CRI90 CL.I, LED integrado, 2700K-3000K Slide Switch, Dim. DALI/Push;A13311;9;;;PT;OTROS;FALSO;PT;A13311;C3450270N;A11240;10;0,071824;3,76;0;0;;;9;
C3997170N;Loop Módulo Ø800mm Negro Texturado, LED 65W 5525lm, CRI90 CL.III, 2700K-3000K Slide Switch;A13320;78;12;16;PT;ACB;FALSO;PT;A13320;;;;0,067729;4,88;0;0;B06 04 2 (;")   B08 03 2 (27)


";78;
K1012151NDP;Loop Kit Colgante 3L E-F Ø380mm Negro Texturado, LED 300W, CL.I, Dim. DALI/Push, ON-DEMAND **;A13330;117;;1;PT;ACB;FALSO;PT;A13330;;;;0,010647;3,59;0;0;A14 26  1 ;;117;
K1012051NDP;Loop Kit Colgante 3L B Ø290mm Negro Texturado, LED 100W, CL.I, Dim. DALI/Push, ON-DEMAND **;A13340;147;2;2;PT;ACB;FALSO;PT;A13340;;;;0,005947;1,965;0;0;A13 08 1 (;;147;
C3815871O;Halo Colgante Oro Tecnico/Opal, LED 8x5W 2960lm, CRI90 CL.I, 2700K-3000K Slide Switch;A13341;5;1;4;PT;OTROS;FALSO;PT;A13341;;;;0,111813;12,85;0;0;;;5;
K1012151B;Loop Kit Colgante 3L E-F Ø380mm Blanco Texturado, LED 300W, CL.I;A13350;197;1;2;PT;ACB;FALSO;PT;A13350;;;;0,010647;3,59;0;0;A14 21 1 (;;197;
5PANTH30541B;PANTALLA 3054/135 BLANCO (Ø500x1350(H)) PIE;A13351;19;2;6;PT;OTROS;FALSO;COMP;A13351;;;;0,071852;2,79;0;0;;;19;
P3759472N;Munich Plafón 3759/30 Negro Texturado, LED 18W 2520lm, CRI90 CL.I, LED integrado, 2700K-3000K-4000K Slide Switch;A14010;66;1;2;PT;ACB;FALSO;PT;A14010;;;;0;0,001;0;0;;;66;
A3994040N;Giorgia Espejo 1200(h)x600mm Negro Texturado, Sin iluminación;A14011;4;1;2;PT;ACB;FALSO;PT;A14011;;;;0,074408;9,942;0;0;;;5;
P4015270WAL;Cora Plafón Ø610mm Nogal/Negro Texturado, LED 50W 4750lm, CRI90 CL.I, 2700K-3000K Slide Switch;A14020;115;4;4;PT;ACB;FALSO;PT;A14020;;;;0,085698;5,155;0;0;B01 04 3 (;"B10 23 2 (15)    B10 25 2 (15)
B01 05 3 (15)    A10 10 1 (15)
A10 01 2   (15)   A11 25 2 (15)



";115;
S3946080N;Parma Sobremesa 3946/18 Negro Mate/Opal, LED E27 15W, CL.II, (E27 max. Ø45 mm);A14021;36;1;4;PT;OTROS;FALSO;PT;A14021;S3946082NLSP;;0;0,034606;3;0;0;A14 08 2  ;"
";36;
P3946180O;Parma Plafón 3946/30 IP Oro Viejo Mate/Opal, LED E27 15W, CL.II IP44;A14030;0;2;5;PT;OTROS;FALSO;PT;A14030;P3946082OMSP;;412;0,066082;2,3;0;0;;;1;
5PANT404225BN;Kira Pantalla Ø250x300mm Blanco/Negro, E27;A14031;-14;9;14;PT;ACB;FALSO;COMP;A14031;;;;0,025025;0,73;0;0;;;1;
H2038101GR;Zen Baliza 2038 Antracita Texturado, LED 10W 3000K 720lm, CRI90 CL.I IP65, LED integrado;A14040;68;;7;PT;ACB;FALSO;PT;A14040;;;;0,01008;0,79;0;0;;;68;
5PANT39133NAT;Pamela Pantalla Ø350x55mm Ratán Natural;A14050;135;6;6;PT;ACB;FALSO;COMP;A14050;;;;0,010658;0,001;0;0;A13 21 1(5;;135;
P3742074BDP;Aliso Plafón 3742/47 Blanco Texturado, LED 38W 3708lm, CRI90 CL.I, LED integrado, 2700K-3000K-4000K Slide Switch, Dim. DALI/Push, ON-DEMAND **;A14051;16;1;1;PT;ACB;FALSO;PT;A14051;P3742074B;A08140;100;0,0305;4,405;0;0;;;16;
C4015070WAL;Cora Colgante Ø610mm Nogal/Negro Texturado, LED 50W 4750lm, CRI90 CL.I, 2700K-3000K Slide Switch;A14060;93;6;9;PT;ACB;FALSO;PT;A14060;;;;0,085698;6,115;0;45;A13 14 1 (;"A14 30 1 (15 // A11 26 1 (15) //
  B07 20 2 (15)  B07 21 2 (15)
B07 19 2(15)



    



";94;
A3799244N;Bari Espejo Ø810mm Negro Texturado, Sin iluminación;A14061;1;;;PT;ACB;FALSO;PT;A14061;;;;0,066248;8,092;0;0;;;1;
5PANT400033OAK;Aura Pantalla Ø330x250mm Haya;A14070;146;;3;PT;ACB;FALSO;COMP;A14070;;;;0,046215;1,305;0;0;A16 03 2 (;"A16 20 2 (30)              A16 19 2 (30) 
A16 02 2 (30)";147;
S3815170N;Halo Sobremesa Negro Texturado/Opal, LED 5W 370lm, CRI90 CL.II, 2700K-3000K Slide Switch;A14071;16;2;3;PT;ACB;FALSO;PT;A14071;;;;0,020664;2,585;0;0;;;16;
1CAM370725B;Tiga Pantalla Colgante Ø250mm Blanco Text/Blanco Text;A14080;70;;3;PT;ACB;FALSO;COMP;A14080;;;;0,011343;1;0;0;;;72;
A4008070N;Lineo Aplique 16/4008-60 Negro Texturado, LED 11W 1050lm, CRI90 CL.I IP44, 2700K-3000K Slide Switch;A14090;111;7;18;PT;ACB;FALSO;PT;A14090;A4008070N-01;;0;0,0091;2,555;0;0;A14 10 1 (;;116;
5PANT305545TJ;Mirta Pantalla Ø450xH300mm Teja;A14100;29;4;9;PT;ACB;FALSO;COMP;A14100;;;;0,09828;1,79;0;0;B06 15 1 (;"B06 12 2  (10)
";29;
5PANT393140NA;Vivian Pantalla Ø400x340mm Rafia Natural, E27;A14110;31;12;14;PT;ACB;FALSO;COMP;A14110;;;;0,0726;1,95;0;72;;"B05 29 1 (18)
";32;
P3848172BDT;Grace Plafón 3848/48 Blanco Texturado, LED 38W 3450lm, CRI90 CL.I, LED integrado, 2700K-3000K-4000K Slide Switch, Dim. Triac, ON-DEMAND **;A14111;7;5;9;PT;ACB;FALSO;PT;A14111;P3848172B;A06050;177;0,025688;3,945;0;0;;;7;
C4015070OAK;Cora Colgante Ø610mm Haya/Blanco Texturado, LED 50W 4750lm, CRI90 CL.I, 2700K-3000K Slide Switch;A14120;88;;2;PT;ACB;FALSO;PT;A14120;;;;0,085698;6,115;0;60;A13 07 1 (;"A12 30 1 (15) // B08 08 2 (15) 
B07 09 2 //  B07 08 2 // B08 14 1 (15) 
  



";88;
C3946280OMSP;Parma Colgante Tija Oro Viejo Mate, LED E27 15W, CL.II, Sin tulipa;A14130;72;2;2;PT;ACB;FALSO;PT;A14130;;;;0,018759;1,475;0;0;;;72;
P3974170B;Roma Plafón 3974/60 Blanco Texturado, LED 65W 6000lm + 9W 760lm, CRI90 CL.I, LED integrado, 2700K-3000K Slide Switch, Difusor Microprismático;A14131;67;2;6;PT;ACB;FALSO;PT;A14131;;;;0,0549;6,14;0;0;B07 06 2 (;"A13 09 1 (18)       B05 36 1(14)
B05 38 1(18)



";67;
A3820180OVSP;Doris Aplique 16/3820-4 Oro Viejo, LED G9 4x7W, CL.I IP44, Sin tulipa;A14140;81;11;16;PT;ACB;FALSO;PT;A14140;;;;0,039154;1,785;0;0;A14 04 2 (;A12 34 2 (28);81;
A3799204N;Bari Espejo Ø810mm Negro Texturado, LED 34W 3000K 2650lm, CRI90 CL.II IP44;A14150;0;5;5;PT;ACB;FALSO;PT;A14150;;;;0,066248;10,173;0;0;;;3;
A3799344;Bari Espejo Ø1000mm, Sin iluminación;A14160;10;;;PT;ACB;FALSO;PT;A14160;;;;0,098568;10,289;0;0;;;10;
A383110N;Onix Espejo 1850(h)x700mm Negro, LED 60W 3000K 3375lm, CRI90 CL.II;A14170;7;2;5;PT;ACB;FALSO;PT;A14170;;;;0,1248;18,5;0;0;;;7;
P4015170WAL;Cora Plafón Ø425mm Nogal/Negro Texturado, LED 38W 3610lm, CRI90 CL.I, 2700K-3000K Slide Switch;A14180;146;3;4;PT;ACB;FALSO;PT;A14180;;;;0,043783;2,575;0;0;A12 31 2 (;"B07 22 2 (29)               B07 31 2 (29) 
B09 16 1 (29).             ";146;
K4005040BH;Dins Tulipa Ø160 mm Blanco RAL 9016;A14181;47;5;15;PT;OTROS;FALSO;PT;A14181;;;;0,006;0,66;0;0;;;60;
C3848573N;Grace Colgante 1200x600mm Negro Texturado, LED 100W 8000lm, CRI90 CL.I, 2700K-3000K-4000K Slide Switch;A14190;42;3;4;PT;ACB;FALSO;PT;A14190;;;;0,071401;4,975;0;0;A15 04 1 (;"B01 07 3 (17)
";42;
C3997270N;Loop Módulo Ø1000mm Negro Texturado, LED 70W 5950lm, CRI90 CL.III, 2700K-3000K Slide Switch;A14200;68;7;11;PT;ACB;FALSO;PT;A14200;;;;0,103041;6,5;0;0;A16 28 2 (;"        A02 27 3 (19) 
A03 14 3 (19)         A11 21 2 (19)";70;
A3453670B;Isia Aplique 16/3453-60 Blanco Texturado, LED 2x22W 4875lm, CRI90 CL.I, LED integrado, 3000K-4000K Slide Switch;A14201;99;6;10;PT;ACB;FALSO;PT;A14201;;;;0,023026;6,375;10;0;A14 05 2 (;"A14 18 2 (50)   
";140;
P3946280OMSP;Parma Plafón Oro Viejo Mate, LED E27 2x15W, CL.I, Sin tulipa;A14210;73;1;1;PT;ACB;FALSO;PT;A14210;;;;0,016422;1,235;0;0;A14 23 1;;73;
5PANT400033WAL;Aura Pantalla Ø330x250mm Nogal;A14220;143;2;4;PT;ACB;FALSO;COMP;A14220;;;;0,046215;1,305;0;0;A16 06 2 (;"A16 10 2 (30)               A16 09 2 (30) 
A16 04 2 (30)";144;
K4005240NL;Dins Tulipa Ø320 mm Negro Mate Liso;A14230;135;3;3;PT;OTROS;FALSO;PT;A14230;;;;0,023512;2,305;0;0;A13 22 2 (;A13 04 2 (54);136;
A9755000N;Daniela Espejo 1200(h)xØ600mm Negro Texturado, LED 43W 3000K 3400lm, CRI90 CL.II IP44;A14231;-4;7;9;PT;ACB;FALSO;PT;A14231;;;;0,074408;11,56;0;0;;;-2;
A4005170OM;Divino Aplique 16/4005-60 Oro Viejo Mate, LED 32W 1135lm, CRI90 CL.II IP44, 2200K-2700K-3000K Slide Switch;A14240;147;26;36;PT;ACB;FALSO;PT;A14240;;;;0,019948;3,635;1;0;A15 28 2 (;"A13 33 1  (48)   


";162;
P2077000GR;Perseo Plafón Gris Cemento , LED 9W 3000K 815lm, CRI90 CL.I IP65;A14241;138;3;5;PT;ACB;FALSO;PT;A14241;;;;0,005355;1,59;0;0;;;138;
P2083100GR;Nexus Plafón 2083/23 Antracita Texturado, LED 14W 3000K 1060lm, CRI90 CL.I IP65, LED integrado;A14250;205;1;4;PT;OTROS;FALSO;PT;A14250;P2083171GR;B05081;8;0,00441;2;100;0;A13 12 1 (;"
";305;
A3971080NMSP;Romeo Aplique 16/3971 Niquel Mate, LED E27 15W, CL.I, Sin pantalla;A14251;82;2;7;PT;ACB;FALSO;PT;A14251;;;;0,007358;0,6;0;0;;;82;
K1002243N;Easy Link Perfil Curvo R 656mm Negro;A14260;153;1;3;PT;ACB;FALSO;PT;A14260;;;;0;0,01;0;0;;;157;
P3851170NDP;Lisboa Plafón 3851/60 Negro Texturado, LED 54W 4849lm + 7,5W 1188lm, CRI90 CL.I, LED integrado, 3000K-4000K Slide Switch, Dim. DALI/Push, ON-DEMAND **;A14270;27;5;9;PT;ACB;FALSO;PT;A14270;P3851170N;;98;0,0528;7;0;0;A13 32 1 (;;27;
A3799304;Bari Espejo Ø1000mm, LED 43W 3000K 3450lm, CRI90 CL.II IP44;A14280;26;3;3;PT;ACB;FALSO;PT;A14280;;;;0,098568;12,601;0;0;;A05 21 2(15);26;
P3974170N;Roma Plafón 3974/60 Negro Texturado, LED 65W 6000lm + 9W 760lm, CRI90 CL.I, LED integrado, 2700K-3000K Slide Switch, Difusor Microprismático;A14281;60;1;1;PT;ACB;FALSO;PT;A14281;;;;0,054925;6,14;0;0;B05 16 1 (;"B08 13 1 (24)
";60;
C3997270B;Loop Módulo Ø1000mm Blanco Texturado, LED 70W 5950lm, CRI90 CL.III, 2700K-3000K Slide Switch;A14290;93;1;4;PT;ACB;FALSO;PT;A14290;;;;0,103041;6,5;1;0;A13 32 2 (;"A12 11 2 (19)    A13 09 2 (19) 
A13 05 2 (19)     ";94;
P3453370N;Isia Plafón 3453/100 Negro Texturado, LED 150W 12300lm, CRI90 CL.I, LED integrado, 3000K-4000K Slide Switch;A14291;8;1;1;PT;OTROS;FALSO;PT;A14291;P3453372N;B04080;2;0,17496;16,44;0;0;;"
";9;
P3760571NDP;London Plafón 3760/100 Negro Texturado, LED 120W 9161lm, CRI90 CL.I, LED integrado, 3000K-4000K Slide Switch, Dim. DALI/Push;A14292;6;;1;PT;OTROS;FALSO;PT;A14292;P3760572N;A16320;12;0,17496;14;0;0;;;6;
P3999070B;Oslo Plafón Ø410mm Blanco Texturado, LED 22W 2580lm, CRI90 CL.I, 2700K-3000K-4000K Slide Switch;A14300;220;8;10;PT;ACB;FALSO;PT;A14300;;;;0,035952;3,515;2;0;A14 24 2 (;"B05 11 2 (42)    B09 18 1 (42 )
B11 07 1(42)     B11 04 2 (42)

";228;
C3997070B;Loop Módulo Ø600mm Blanco Texturado, LED 52W 4420lm, CRI90 CL.III, 2700K-3000K Slide Switch;A14310;140;3;6;PT;ACB;FALSO;PT;A14310;;;;0,040401;3,035;0;0;A13 18 2 (;"B03 14 3 (30)  B03 18 2 (30)








A13 24 2 (30)

";140;
K1012151N;Loop Kit Colgante 3L E-F Ø380mm Negro Texturado, LED 300W, CL.I;A14320;180;2;4;PT;ACB;FALSO;PT;A14320;;;;0,010647;3,59;0;0;A13 21 2 (;"A13 28 2 (80)
";180;
C3997370N;Loop Módulo Ø1200mm Negro Texturado, LED 83W 7055lm, CRI90 CL.III, 2700K-3000K Slide Switch;A14330;23;4;7;PT;ACB;FALSO;PT;A14330;;;;0,144585;8,87;0;60;;"A04 09 3 (10) 
A03 30 3 (10)        A09 21 2 (10) 
A16 28 2 (10).   



";25;
K1012051BDP;Loop Kit Colgante 3L B Ø290mm Blanco Texturado, LED 100W, CL.I, Dim. DALI/Push, ON-DEMAND **;A14340;146;1;1;PT;ACB;FALSO;PT;A14340;;;;0,005947;1,965;0;0;A14 25 2 (;;146;
K1012051N;Loop Kit Colgante 3L B Ø290mm Negro Texturado, LED 100W, CL.I;A14350;235;6;7;PT;ACB;FALSO;PT;A14350;;;;0,005947;1,965;0;0;A16 34 2 (;;236;
P3759072N;Munich Plafón 3759/40 Negro Texturado, LED 22W 3225lm, CRI90 CL.I, LED integrado, 2700K-3000K-4000K Slide Switch;A14350;46;1;3;PT;ACB;FALSO;PT;A14350;;;;0,023763;3,2;0;0;;;46;
5CLA41161B;ABRAZADERA 180 mm UNION PARA CARRIL  COLGANTE BLANCO;A14360;313;1;1;PT;ACB;FALSO;COMP;A14360;;;;0,00019;0,06;0;0;;;313;
5CLA41161N;ABRAZADERA 180 mm UNION PARA CARRIL  COLGANTE NEGRO;A14360;330;;;PT;ACB;FALSO;COMP;A14360;;;;0,00019;0,06;0;0;;;330;
5CLA41162B;ABRAZADERA 40 mm UNION PARA CARRIL COLGANTE BLANCO;A14360;268;2;3;PT;ACB;FALSO;COMP;A14360;;;;0,000031;0,02;0;0;;;268;
6CON411601IB;CONECTOR PARA CARRIL TRIFÁSICO BLANCO IZQUIERDA;A14360;55;5;15;PT;ACB;FALSO;COMP;A14360;;;;0,000104;0,06;0;0;;;55;
6CON411602B;EMPALME PARA UNION DE CARRIL TRIFÁSICO BLANCO;A14360;172;3;16;PT;ACB;FALSO;COMP;A14360;;;;0,000036;0,03;0;0;;;172;
6CONTLSB;KIT SUSPENSION CARRIL TRIFASICO BLANCO;A14360;115;2;3;PT;OTROS;FALSO;COMP;A14360;K1009000B;A14361;200;0,000266;0,07;0;0;;;115;
6CONTLSN;KIT SUSPENSION CARRIL TRIFASICO NEGRO;A14360;16;;6;PT;OTROS;FALSO;COMP;A14360;K1009000N;A14361;180;0,000266;0,07;0;0;;;16;
6CON411603IN;UNION L PARA CARRIL TRIFÁSICO NEGRO IZQUIERDA ELECTRIFICADO;A14361;47;2;6;PT;ACB;FALSO;COMP;A14361;;;;0;0,01;0;0;;;47;
6CON411606D2B;DERIVACION EN T PARA CARRIL TRIFÁSICO BLANCO DERECHA 2;A14361;95;1;1;PT;ACB;FALSO;COMP;A14361;;;;0;0,001;0;0;;;95;
6CON411606I1B;DERIVACION EN T PARA CARRIL TRIFÁSICO BLANCO IZQUIERDA 1;A14361;74;;1;PT;ACB;FALSO;COMP;A14361;;;;0;0,01;0;0;;;74;
6CONCLGB;ADAPTADOR COLGANTE CARRIL TRIFASICO BLANCO CON ANTI-TIRON;A14361;50;2;2;PT;ACB;FALSO;COMP;A14361;;;;0,000266;0,05;0;0;;;52;
K1009000B;Kit Suspensión 3 metros Carril Trifásico Blanco ;A14361;200;;;PT;ACB;FALSO;PT;A14361;;;;0;0,07;0;0;;;200;
K1009000N;Kit Suspensión 3 metros Carril Trifásico Negro ;A14361;180;3;3;PT;ACB;FALSO;PT;A14361;;;;0;0,07;0;0;;;180;
6CON411603DB;UNION L PARA CARRIL TRIFÁSICO BLANCO DERECHA ELECTRIFICADO;A14362;67;1;5;PT;ACB;FALSO;COMP;A14362;;;;0,00035;0,11;0;0;;;67;
6CON411603IB;UNION L PARA CARRIL TRIFÁSICO BLANCO IZQUIERDA ELECTRIFICADO;A14362;68;;1;PT;ACB;FALSO;COMP;A14362;;;;0,00035;0,11;0;0;;;68;
6CON411604B;UNION ANGULO ARTICULADA CARRIL TRIFÁSICO BLANCO;A14362;5;;;PT;OTROS;FALSO;COMP;A14362;;;;0;0,001;0;0;;;5;
6CON411604N;UNION ANGULO ARTICULADO CARRIL TRIFÁSICO NEGRO;A14362;4;;;PT;OTROS;FALSO;COMP;A14362;;;;0;0,001;0;0;;;4;
6CON411606D1B;DERIVACION EN T PARA CARRIL TRIFÁSICO BLANCO DERECHA 1;A14362;78;;1;PT;ACB;FALSO;COMP;A14362;;;;0;0,001;0;0;;;78;
6CON411606D1N;DERIVACION EN T PARA CARRIL TRIFÁSICO NEGRO DERECHA 1;A14362;65;;;PT;ACB;FALSO;COMP;A14362;;;;0;0,001;0;0;;;65;
6CON411606D2N;DERIVACION EN T PARA CARRIL TRIFÁSICO NEGRO DERECHA 2;A14362;72;1;3;PT;ACB;FALSO;COMP;A14362;;;;0;0,001;0;0;;;72;
6CON411606I1N;DERIVACION EN T PARA CARRIL TRIFÁSICO NEGRO IZQUIERDA 1;A14362;56;3;4;PT;ACB;FALSO;COMP;A14362;;;;0;0,001;0;0;;;56;
K2005141N;Easy Link Cable PVC 5 Polos L 850mm DALI/Push;A14362;35;;3;PT;ACB;FALSO;PT;A14362;;;;0;0,01;0;0;;;50;
6CON411606I2B;DERIVACION EN T PARA CARRIL TRIFÁSICO BLANCO IZQUIERDA 2;A14363;99;;;PT;ACB;FALSO;COMP;A14363;;;;0;0;0;0;;;99;
6CON411606I2N;DERIVACION EN T PARA CARRIL TRIFÁSICO NEGRO IZQUIERDA 2;A14363;84;;1;PT;ACB;FALSO;COMP;A14363;;;;0;0,001;0;0;;;84;
6CON411607B;DERIVACION EN X PARA CARRIL TRIFÁSICO BLANCO;A14363;105;;;PT;ACB;FALSO;COMP;A14363;;;;0;0;0;0;;;105;
6CON411607N;DERIVACION EN X PARA CARRIL TRIFÁSICO NEGRO;A14363;85;;1;PT;ACB;FALSO;COMP;A14363;;;;0;0,001;0;0;;;85;
6CON411608B;UNIONFLEXIBLE CARRIL TRIFÁSICO BLANCO;A14363;83;;1;PT;ACB;FALSO;COMP;A14363;;;;0;0,001;0;0;;;83;
6CON411608N;UNIONFLEXIBLE CARRIL TRIFÁSICO NEGRO;A14363;75;1;1;PT;ACB;FALSO;COMP;A14363;;;;0;0,01;0;0;;;75;
A9439240;Estela Espejo 700(h)x1100mm, Sin iluminación;A15010;11;;;PT;ACB;FALSO;PT;A15010;;;;0,078408;10,289;0;0;;;11;
P0395271NM;Dins Plafón 395/32 Niquel Mate, LED 24W 2520lm, CRI90 CL.II IP44, LED integrado, 2700K-3000K-4000K Slide Switch;A15011;55;1;3;PT;OTROS;FALSO;PT;A15011;K4005240NM;;0;0,018651;2,7;0;0;;;55;
P3851270BDP;Lisboa Plafón 3851/80 Blanco Texturado, LED 76W 6890lm + 10,5W 1267lm, CRI90 CL.I, LED integrado, 3000K-4000K Slide Switch, Dim. DALI/Push, ON-DEMAND **;A15020;15;4;7;PT;ACB;FALSO;PT;A15020;P3851270B;A13180;38;0,0882;11,02;0;0;;;15;
A380410ALB;Petra Espejo 16/3804-64, LED 26W 3000K 2246lm, CRI90 CL.II IP44, LED integrado, Interruptor táctil, Anti-vaho;A15021;1;1;1;PT;OTROS;FALSO;PT;A15021;;;;0,059616;8;0;0;;;1;
P3973070N;Oporto Plafón 3973/40 Negro Texturado, LED 35W 2800lm + 5W 500lm, CRI90 CL.I, LED integrado, 2700K-3000K Slide Switch, Difusor Microprismático;A15030;34;1;4;PT;ACB;FALSO;PT;A15030;;;;0,0242;4,7;0;0;;;34;
A9439100N;Estela Espejo 710(h)x810mm Negro Texturado, LED 40W 3000K 3150lm, CRI90 CL.II IP44;A15031;7;;;PT;ACB;FALSO;PT;A15031;;;;0,058968;11,56;0;0;;;7;
H2080000GR;Adhara Baliza 2080 Antracita Texturado, LED 6W 3000K 830lm, CRI80 CL.I IP65, LED integrado;A15040;98;1;1;PT;ACB;FALSO;PT;A15040;H2080001GR;;0;0,004092;2,435;0;0;;;103;
5PANT400045OAK;Aura Pantalla Ø450x350mm Haya;A15050;54;;1;PT;ACB;FALSO;COMP;A15050;;;;0,12005;2,175;0;64;A08 36 2 (;" A06 26 2  (14)B02 15 2 (16)
";54;
S30540TJ;Mirta Sobremesa 3054/35 Teja, LED E27 15W, CL.II, Interruptor de cable;A15051;10;4;4;PT;ACB;FALSO;PT;A15051;;;;0,01536;0,786;0;0;;;10;
5PANT39166VELI;Aspen 3916/60 Pantalla Verde/Lino;A15060;3;;2;PT;OTROS;FALSO;COMP;A15060;;;;0,169291;2,635;0;0;;;3;
P385140NDT;Lisboa Plafón 3851/40 Negro Texturado, LED 30W 3000K 2745lm + 5W 3000K 460lm, CRI90 CL.I, LED integrado, Dim. Triac;A15061;3;;4;PT;OTROS;FALSO;PT;A15061;P3851070N;A08241;79;0,026733;3,26;10;0;;;15;
P4015270OAK;Cora Plafón Ø610mm Haya/Blanco Texturado, LED 50W 4750lm, CRI90 CL.I, 2700K-3000K Slide Switch;A15070;116;3;3;PT;ACB;FALSO;PT;A15070;;;;0,085698;5,155;0;0;A09 34 2 (;"A10 22 2 (15)     A10 23 2 (15)
A15 12 2 (15)     A11 16 2 (15)
A12 13 1 (15)    ";117;
P3851270NDP;Lisboa Plafón 3851/80 Negro Texturado, LED 76W 6890lm + 10,5W 1267lm, CRI90 CL.I, LED integrado, 3000K-4000K Slide Switch, Dim. DALI/Push, ON-DEMAND **;A15080;9;1;7;PT;ACB;FALSO;PT;A15080;P3851270N;A13090;31;0,093925;11,07;0;0;;;9;
5PANT404245BN;Kira Pantalla Ø450x375mm Blanco/Negro, E27;A15081;-9;16;27;PT;ACB;FALSO;COMP;A15081;;;;0,09234;1,62;0;0;;;2;
A3994100N;Giorgia Espejo 1700(h)x700mm Negro Texturado, LED 63W 3000K 5000lm, CRI90 CL.II IP44;A15090;2;1;1;PT;ACB;FALSO;PT;A15090;;;;0,117288;18,381;0;0;;;2;
A3799344N;Bari Espejo Ø1010mm Negro Texturado, Sin iluminación;A15091;6;;;PT;ACB;FALSO;PT;A15091;;;;0,098568;12,138;0;0;;;6;
5PANT400061WAL;Aura Pantalla Ø610x500mm Nogal;A15100;16;;;PT;ACB;FALSO;COMP;A15100;;;;0,245434;4,085;0;84;A08 35 2 (;"A16 35 2 (4)   A15 10 1 (4)  
B02 17 1 (4)   

";16;
5PANT39135NN;Pamela Pantalla Ø500x55mm Negro Texturado/Negro;A15110;46;5;10;PT;ACB;FALSO;COMP;A15110;;;;0,023426;1,48;0;0;;"A16 05 1 (20)

";46;
S81631N;Maui Sobremesa 8163/1 Opal/Negro Mate, LED E27 15W, CL.II, (E27 max. Ø45 mm), Con interruptor;A15111;23;2;12;PT;OTROS;FALSO;PT;A15111;S8163082NLSP;A05071;15;0,034668;2,2;0;0;A14 22 1(2;"


";23;
A3958200N;Olbia Espejo 3958 Ø1010 Negro Texturado, LED 44W 3000K 3930lm, CRI90 CL.II IP44, LED integrado;A15120;1;1;5;PT;OTROS;FALSO;PT;A15120;;;;0,083232;14,9;0;0;;;1;
K1002243B;Easy Link Perfil Curvo R 656mm Blanco;A15120;92;3;7;PT;ACB;FALSO;PT;A15120;;;;0;0,21;20;0;;;112;
5PANT39137NTJ;Pamela Pantalla Ø680x70mm Arcilla;A15130;26;7;8;PT;ACB;FALSO;COMP;A15130;;;;0,047215;2,3;0;39;A15 14 2 (;"
";26;
C3912145N;Rosa Del Desierto Colgante 3912/45 Negro, LED E27 15W, CL.I;A15131;3;2;6;PT;OTROS;FALSO;PT;A15131;;;;0,103933;4,18;0;0;;"
";3;
P3760572B;London Plafón 3760/100 Blanco Texturado, LED 136W 21520lm, CRI90 CL.I, LED integrado, 2700K-3000K-4000K Slide Switch;A15140;43;2;5;PT;ACB;FALSO;PT;A15140;;;;0,1749;14;0;0;A16 33 2 (;A14 11 2 (20).             A13 26 2 (20);45;
H2086090GR;Lix Baliza 2086/60 Antracita Texturado, LED 5.5W 2700K 665lm, CRI90 CL.I IP65;A15141;119;;1;PT;ACB;FALSO;PT;A15141;;;;0,00605;0;0;0;;;119;
C3946280N;Parma Colgante 3946/5 Negro Mate/Opal, LED E27 5x15W, CL.I, (E27 max. Ø45 mm);A15150;30;1;6;PT;OTROS;FALSO;PT;A15150;C3946480NLSP;;47;0,114192;6,2;0;0;A14 13 2 (;"A14 31 2 (9) 
B08 01 2 (12)";35;
E3453673BDP;Isia Empotrable 3453/60 Blanco Texturado, LED 52W 6335lm, CRI90 CL.I, LED integrado, 2700K-3000K-4000K Slide Switch, Dim. DALI/Push, ON-DEMAND **;A15151;12;2;6;PT;ACB;FALSO;PT;A15151;E3453673B;A13100;127;0,07182;6,275;1;0;A15 24 2 (;;13;
H2087090GR;Nyra Baliza 2087/30 Antracita Texturado, LED 5.5W 2700K 665lm, CRI90 CL.I IP65;A15160;111;2;2;PT;ACB;FALSO;PT;A15160;;;;0,004356;0,001;0;0;;;116;
A3990372O;Diva Aplique 16/3990-150 Oro Viejo Mate, LED 45W 3124lm, CRI90 CL.II IP44, LED integrado, 2700K-3000K Slide Switch;A15161;11;;;PT;OTROS;FALSO;PT;A15161;;;;0,094446;17,78;0;0;;;11;
K4010140G;Duo Pantalla Ø500mm Gris RAL 7006;A15170;92;4;5;PT;ACB;FALSO;PT;A15170;;;;0;0,001;0;0;B08 11 1(1;"A14 01 1 (8)                    A15 04 2 (18)
B02 35 1 (18)
";94;
A3453670N;Isia Aplique 16/3453-60 Negro Texturado, LED 2x22W 4875lm, CRI90 CL.I, LED integrado, 3000K-4000K Slide Switch;A15171;1;2;7;PT;ACB;FALSO;PT;A15171;;;;0,023026;6,375;0;0;;;4;
E3453473B;Isia Empotrable 3453/40 Blanco Texturado, LED 30W 3540lm, CRI90 CL.I, LED integrado, 2700K-3000K-4000K Slide Switch;A15180;138;2;5;PT;ACB;FALSO;PT;A15180;;;;0,033408;3,135;0;111;B10 07 1 (;"B11 21 2(37)
B10 11 1(26)

";138;
1CAM370770NN;Tiga Pantalla Ø700mm Negro Text/Negro Text;A15181;69;;;PT;ACB;FALSO;COMP;A15181;1CAM370771NN;;0;0,230051;0;0;0;A15 21 2 (;"B05 08 3 (7)   B03 04 2 (7)
B04 03 2 (7)   B04 02 2 (7)
B01 38 2 (7)   A15 22 2 (7)";69;
5PANTH8178B;Pantalla Pie Clip 8178 D400xH140 mm Blanco;A15190;22;6;13;PT;OTROS;FALSO;COMP;A15190;H8178081BSP;A16151(;60;0,035221;1,37;0;0;;;22;
P385181N;Lisboa Plafón 3851/80 Negro Texturado, LED 80W 4000K 7320lm + 12W 4000K 915lm, CRI90 CL.I, LED integrado;A15191;12;;;PT;OTROS;FALSO;PT;A15191;P3851270N;A13090;31;0,091378;10,64;0;0;;;12;
P3852472B;Koe Plafón Ø800mm Blanco Texturado, LED 64W 7680lm, CRI90 CL.II IP43, 3000K-4000K Slide Switch;A15200;196;2;3;PT;ACB;FALSO;PT;A15200;;;;0,01932;5,75;0;0;A15 20 2 (;"A15 16 2 (40).             A15 06 2 (40) 
A15 11 2 (40";196;
A1630020LB;Mul Espejo 16/300-110, LED 54W 3000K 3835lm, CRI90 CL.II IP44, LED integrado;A15201;1;1;3;PT;OTROS;FALSO;PT;A15201;;;;0,074722;16,71;0;0;;;1;
A20442B;Nori Aplique 16/2044-2 Blanco Texturado, LED E27 2x15W, CL.I IP65;A15210;107;2;5;PT;OTROS;FALSO;PT;A15210;A2044181B;A02331;95;0,004743;1,69;0;0;;;107;
C3815171N;Halo Colgante Negro Texturado/Opal, LED 5W 370lm, CRI90 CL.I, 2700K-3000K Slide Switch;A15211;45;1;3;PT;ACB;FALSO;PT;A15211;;;;0,019382;1,74;0;0;;;45;
H30541TJ;Mirta Lámpara de pie 3054/135 Teja, LED E27 3x15W, CL.II, Interruptor de cable;A15220;9;1;3;PT;OTROS;FALSO;PT;A15220;5PANTH30541TJ;;0;0,071634;5,4;0;0;;;9;
C4036070OAK;Alma Colgante 1500mm Haya/Blanco Texturado, LED 22W 1870lm, CRI90 CL.I, 2700K-3000K Slide Switch;A15230;133;5;7;PT;ACB;FALSO;PT;A15230;;;;0,061152;3,6;0;0;A15 29 2 (;B05 23 1  B05 24 1  B05 26 1  B04 26 2.      B04 24 1;135;
S8178081BSP;Clip Sobremesa 8178 Blanco Texturado, LED E27 15W, CL.II, Interruptor de cable, Sin pantalla;A15231;16;1;2;PT;OTROS;FALSO;PT;A15231;;;;0,018585;2,98;0;48;;;16;
K0009190B;Base múltiple rectangular 1000x87 mm 5 salidas Blanco Texturado;A15240;50;;;PT;ACB;FALSO;PT;A15240;;;;0;0;0;0;;;50;
S30541TJ;Mirta Sobremesa 3054/50 Teja, LED E27 15W, CL.II, Interruptor de cable;A15241;8;7;8;PT;ACB;FALSO;PT;A15241;;;;0,01536;0,8;0;0;;;8;
5PANT393030NA;Evens Pantalla Ø300x400mm Rafia Natural, E27;A15250;85;7;14;PT;ACB;FALSO;COMP;A15250;;;;0,044032;1,585;0;162;;"A13 15 2 (36)    A11 25 2 (36)



";87;
C3848370B;Grace Colgante 3848/78 Blanco texturado, LED 80W 6800lm, CRI90 CL.I, LED integrado, 2700K-3000K Slide Switch;A15251;18;1;2;PT;OTROS;FALSO;PT;A15251;C3848372B;B05140;20;0,06561;8,99;0;0;;"















































































































































































































































































































































































































































































































































































































































































































































































































































































































































































































































































































































































































































































































































































































";20;
T3951080B;Modrian Track light 3951/10 Blanco, LED GU10 8W, CL.II, Orientable;A15260;240;2;4;PT;OTROS;FALSO;PT;A15260;;;;0,001011;0,23;0;0;;;240;
P375990N;Munich Plafón 3759/90 Negro Texturado, LED 36W 3000K 2748lm, CRI90 CL.I, LED integrado;A15270;12;;5;PT;OTROS;FALSO;PT;A15270;P3759272N;A09240;22;0,034969;5;0;0;;"
";12;
1BAS0100B;BASE 0100 Ø190 BLANCO TEXTURADO;A15280;177;4;8;PT;OTROS;FALSO;COMP;A15280;S8202080B;;0;0,001545;1,22;0;0;;;177;
86CON0100B;CONJUNTO 0100 BLANCO TEXTURADO TUBO SM+PORTALAMPARAS+CABLE NEGRO LED E27 1x15W;A15280;176;4;8;PT;OTROS;FALSO;COMP;A15280;S8202080B;;0;0,001584;0,49;0;0;A15 29 1  ;;176;
86CON0101B;CONJUNTO 0101  BLANCO TEXTURADO TUBO SM+PORTALAMPARAS+CABLE NEGRO LED E27 1x15W;A15280;15;2;4;PT;OTROS;FALSO;COMP;A15280;S8202180B;;0;0,002091;0,6;2;0;;;18;
A4005270OM;Divino Aplique 16/4005-100 Oro Viejo Mate, LED 52W 1890lm, CRI90 CL.II IP44, 2200K-2700K-3000K Slide Switch;A15290;47;4;8;PT;ACB;FALSO;PT;A15290;;;;0,032613;5,855;1;90;A16 22 1 (;;51;
C3815171O;Halo Colgante Oro Tecnico/Opal, LED 5W 370lm, CRI90 CL.I, 2700K-3000K Slide Switch;A15300;34;;2;PT;ACB;FALSO;PT;A15300;;;;0,019382;1,74;0;0;;;34;
S8178NSP;Clip Sobremesa 8178 Negro Texturado, LED E27 15W, CL.II, Interruptor de cable, Sin pantalla;A15301;76;3;9;PT;OTROS;FALSO;PT;A15301;;;;0,018585;2,98;0;0;;A16 31 1 (34) ;76;
A3189270B;Gala Aplique 16/3189-90 Blanco Texturado, LED 43W 5190lm, CRI90 CL.I, LED integrado, 2700K-3000K Slide Switch;A15310;0;;3;PT;OTROS;FALSO;PT;A15310;A3189273B;A02022;17;0,012384;2,62;0;0;A14 14 2 (;;89;
P374060NO;Shiitake Plafón 3740/55 Negro Texturado/Oro, LED 56W 3000K 4560lm, CRI90 CL.I;A15320;5;1;5;PT;OTROS;FALSO;PT;A15320;;;;0,077395;4,16;0;0;;;14;
A3972270N;Brick Aplique 16/3972-56 Negro Texturado, LED 56W 6500lm, CRI90 CL.I, LED integrado, 2700K-3000K Slide Switch, Difusor Microprismático;A15321;9;5;11;PT;OTROS;FALSO;PT;A15321;A3972272N;A03301;0;0,00765;2,96;0;0;;;12;
C3815471O;Halo Colgante Oro Tecnico/Opal, LED 4x5W 1480lm, CRI90 CL.I, 2700K-3000K Slide Switch;A15330;25;1;3;PT;OTROS;FALSO;PT;A15330;;;;0,070241;7,83;0;0;A16 31 2 (;;25;
5PANT39137NN;Pamela Pantalla Ø680x70mm Negro Texturado/Negro;A15340;43;1;4;PT;ACB;FALSO;COMP;A15340;;;;0,0472;2,3;0;40;A15 33 1 (;"
";43;
A3971080NSP;Romeo Aplique 16/3971 Negro Texturado, LED E27 15W, CL.I, Sin pantalla;A15341;12;;4;PT;ACB;FALSO;PT;A15341;;;;0,007358;0,6;0;0;;"
";12;
5PANT405058BN;Totem Pantalla H2 Ø580x600mm Blanco/Negro;A15350;-2;7;8;PT;OTROS;FALSO;COMP;A15350;;;;0,234423;1,225;0;0;A11 22 1 (;A15 32 2 (6)    A12 04 2 (6);14;
5PANTS8178N;Pantalla Sobremesa Clip 8178 D320xH120 mm Negro;A15351;33;1;3;PT;OTROS;FALSO;COMP;A15351;S8178NSP;A15301;76;0,020527;0,985;0;0;;;33;
5PANT39135NTJ;Pamela Pantalla Ø500x55mm Arcilla;A16010;28;5;7;PT;ACB;FALSO;COMP;A16010;;;;0,023426;1,48;0;60;B11 26 2 (;"
";30;
A3799204;Bari Espejo Ø800mm, LED 34W 3000K 2650lm, CRI90 CL.II IP44;A16020;127;7;7;PT;ACB;FALSO;PT;A16020;A3799203STS;;0;0,066248;8,67;0;0;A16 11 2 (;"A13 01 2 (22)   A16 06 1 (16)
A13 23 2 (22)   A16 14 1 (5)
B03 13 3 (18)   B10 03 2 (22)   
";129;
H3946180N;Parma Lámpara de pie 3946/30 Negro Mate/Opal, LED E27 15W, CL.II;A16021;5;;1;PT;OTROS;FALSO;PT;A16021;H3946182NLSP;;20;0,234802;5,6;0;30;;;5;
P3979170B;Angus Plafón 3979/60 Blanco Texturado/Opal, LED 55W 5740lm, CRI90 CL.I, LED integrado, 2700K-3000K Slide Switch;A16030;34;1;7;PT;OTROS;FALSO;PT;A16030;;;;0,064604;6,37;10;0;B07 02 2  ;;45;
5PANT305538TJ;Mirta Pantalla Ø380xH240mm Teja;A16031;20;2;4;PT;ACB;FALSO;COMP;A16031;;;;0,047355;0,91;0;0;;;20;
P3453070BDP;Isia Plafón 3453/40 Blanco Texturado, LED 40W 3660lm, CRI90 CL.I, LED integrado, 3000K-4000K Slide Switch, Dim. DALI/Push, ON-DEMAND **;A16040;40;1;3;PT;OTROS;FALSO;PT;A16040;P3453072B;A06190;353;0,027033;3;0;0;;"


";40;
5PANT393060NA;Evens Pantalla Ø600x380mm Rafia Natural, E27;A16041;103;11;17;PT;ACB;FALSO;COMP;A16041;5PANT3930601NA;;0;0,164062;3,025;0;0;;"A15 18 2 (8).  B09 01 2 (8)   
B09 02 2(8)    B08 30 1 
B09 03 2(8)    B08 29 1   B01 21 1  (8)

B10 04 2(8)    B08 24 1   B06 20 2
B02 09 3(8)    B06 19 2 
B02 13 3(8)  










";112;
P4028270B;Paris Plafón 4028/60 Blanco Texturado, LED 58W 8260lm, CRI90 CL.I IP54, LED integrado, 2700K-3000K-4000K Slide Switch;A16050;116;6;8;PT;ACB;FALSO;PT;A16050;;;;0,047192;9,065;0;75;B06 24 2 (;"B06 31 2 (25)     
    
   


";116;
H2087190GR;Nyra Baliza 2087/60 Antracita Texturado, LED 5.5W 2700K 665lm, CRI90 CL.I IP65;A16060;114;1;2;PT;ACB;FALSO;PT;A16060;;;;0,008316;0,001;0;0;;;114;
A3596102;Amanzi Espejo 700(h)x800mm, LED 40W 3000K 3150lm, CRI90 CL.II IP44;A16071;14;4;5;PT;ACB;FALSO;PT;A16071;;;;0,046008;9,826;0;0;;;16;
A3804301;Petra Espejo Ø1000mm, LED 43W 3000K 3450lm, CRI90 CL.II IP44;A16080;2;3;3;PT;ACB;FALSO;PT;A16080;;;;0,098568;12,601;0;0;;;2;
H3820180N;Doris Lámpara de pie 3820 Opal/Negro Texturado, LED G9 2x7W, CL.II;A16080;20;;4;PT;OTROS;FALSO;PT;A16080;;;;0,1332;5;0;0;;"A16 16 2 (8) 


";20;
H3913080NSP;Pamela Lámpara de pie 3913 Negro Texturado, LED E27 2x15W, CL.II, Sin pantalla;A16081;31;2;4;PT;ACB;FALSO;PT;A16081;;;;0,0577;6,33;0;0;;;32;
A9439340N;Estela Espejo 1610(h)x810mm Negro Texturado, Sin iluminación;A16090;6;;;PT;ACB;FALSO;PT;A16090;;;;0,124488;19,421;0;0;;;6;
A3804201;Petra Espejo Ø800mm, LED 34W 3000K 2650lm, CRI90 CL.II IP44;A16100;4;8;9;PT;ACB;FALSO;PT;A16100;;;;0,066248;8,67;0;0;;;6;
A3966370O;Combo Aplique 16/3966-60 Oro Tecnico, LED 20W 1350lm, CRI90 CL.I IP65, LED integrado, 2700K-3000K Slide Switch;A16101;25;3;4;PT;ACB;FALSO;PT;A16101;;;;0,022692;6,47;0;0;;;26;
5PANT393120NA;Vivian Pantalla Ø200x255mm  Rafia Natural, E27;A16110;132;8;9;PT;ACB;FALSO;COMP;A16110;;;;0,013794;0,755;0;0;A16 07 1 (;B05 17 1 (75);133;
P3742174NDP;Aliso Plafón 3742/60 Negro Texturado, LED 50W 4945lm, CRI90 CL.I, LED integrado, 2700K-3000K-4000K Slide Switch, Dim. DALI/Push, ON-DEMAND **;A16111;12;3;4;PT;ACB;FALSO;PT;A16111;P3742174N;A07180;120;0,048213;6,235;0;0;;;12;
A943820LB;Olter Espejo 16/9438-110, LED 50W 3000K 4316lm + 16W 3000K 940lm, CRI90 CL.II IP44, LED integrado, Aumento iluminado 5x;A16120;13;;;PT;OTROS;FALSO;PT;A16120;;;;0,074722;16,52;0;0;;"
";13;
A3804101;Petra Espejo Ø600mm, LED 25W 3000K 1950lm, CRI90 CL.II IP44;A16121;22;4;5;PT;ACB;FALSO;PT;A16121;;;;0,040328;5,317;0;0;A15 22 1 (;;23;
A9439340;Estela Espejo 1600(h)x800mm, Sin iluminación;A16130;10;;;PT;ACB;FALSO;PT;A16130;;;;0,124488;16,763;0;0;;;10;
A3966370B;Combo Aplique 16/3966-60 Blanco Texturado, LED 20W 1350lm, CRI90 CL.I IP65, LED integrado, 2700K-3000K Slide Switch;A16131;6;4;9;PT;ACB;FALSO;PT;A16131;;;;0,022692;6,47;4;0;;;10;
H8163082OMSP;Maui Lámpara de pie 8163 Oro Viejo Mate, LED E27 15W, CL.II, Sin tulipa;A16140;32;2;10;PT;ACB;FALSO;PT;A16140;;;;0,14277;5,015;0;0;A15 18 1;"A16 29 2 (6)    A16 27 2 (6)
B07 33 2 (6) / B07 32 2 (6) 
B01 25 2 (6) ";32;
H2077001GR;Perseo Baliza Gris Cemento, LED 8W 3000K 620lm, CRI90 CL.I IP65;A16150;87;6;13;PT;ACB;FALSO;PT;A16150;;;;0,0264;13,96;0;0;;A16 30 2 (40);103;
H8178081BSP;Clip Lámpara de pie 8178 Blanco Texturado, LED E27 15W, CL.II, Sin pantalla;A16151(;60;2;4;OTRO;OTROS;FALSO;PT;A16151(;;;;0,05538;5,5;0;39;B09 06 1 (;"A16 05 2 (20) B03 01 3 (20)   
";60;
5PANT400061OAK;Aura Pantalla Ø610x500mm Haya;A16160;17;1;2;PT;ACB;FALSO;COMP;A16160;;;;0,245434;4,085;0;80;A16 14 2 (;"A13 07 2 (4)     A15 07 1 (4)
A14 31 1 (3)


";17;
5PANT400045WAL;Aura Pantalla Ø450x350mm Nogal;A16161;52;;2;PT;ACB;FALSO;COMP;A16161;;;;0,12005;2,175;0;64;A15 15 2 (;"A07 18 2 (16)              A10 11 2 (16)            
           ";52;
P3742374B;Aliso Plafón 3742/100 Blanco Texturado, LED 86W 8656lm, CRI90 CL.I, LED integrado, 2700K-3000K-4000K Slide Switch;A16170;31;2;2;PT;ACB;FALSO;PT;A16170;;;;0,129792;11,895;0;0;A16 01 1 (;"pendiente de revisar
B05 37 1(15)
";31;
K0013040N;Corvus 3945 Pantalla acústica Ø400 mm Negro ;A16171;97;2;2;PT;ACB;FALSO;PT;A16171;;;;0,008302;0,715;0;0;;;98;
1CAM0002BB;Tiga Pantalla Ø350mm Blanco Text/Blanco Text;A16180;98;1;4;PT;ACB;FALSO;COMP;A16180;;;;0;0;0;0;A16 18 1 (;A14 14 1 (32);98;
C3848573B;Grace Colgante 1200x600mm Blanco Texturado, LED 100W 8000lm, CRI90 CL.I, 2700K-3000K-4000K Slide Switch;A16190;40;;;PT;ACB;FALSO;PT;A16190;;;;0,071401;4,975;0;0;A13 13 2 (;;40;
5PANT39166BLI;Aspen 3916/60 Pantalla Blanco/Lino;A16191;10;4;7;PT;ACB;FALSO;COMP;A16191;;;;0,174636;3,275;0;0;A14 27 1 (;"A15 13 2 (5)



";11;
A9439200;Estela Espejo 700(h)x1100mm, LED 49W 3000K 3850lm, CRI90 CL.II IP44;A16200;7;2;2;PT;ACB;FALSO;PT;A16200;;;;0,071928;12,716;0;0;;;9;
A3799304N;Bari Espejo Ø1010mm Negro Texturado, LED 43W 3000K 3450lm, CRI90 CL.II IP44;A16210;-1;1;1;PT;ACB;FALSO;PT;A16210;;;;0,098568;14,45;0;0;;;7;
A30550TJ;Mirta Aplique 16/3055-40 Teja, LED E27 15W, CL.II;A16211;34;1;1;PT;ACB;FALSO;PT;A16211;;;;0,028297;0,826;0;0;;;34;
A9755140N;Daniela Espejo 1700(h)xØ700mm Negro Texturado, Sin iluminación;A16220;3;;3;PT;ACB;FALSO;PT;A16220;;;;0,117288;14,797;0;0;;;3;
1CAM370770BB;Tiga Pantalla Ø700mm Blanco Text/Blanco Text;A16230;51;;;PT;ACB;FALSO;COMP;A16230;1CAM370771BB;;0;0,230051;0;0;0;A16 20 1 (;"A15 03 2 (6)  B05 03 3 (7)
B06 25 2 (7)";51;
H2075000GR;Skat Baliza 2075 Antracita Texturado, LED 7W 3000K 340lm, CRI90 CL.I IP65, LED integrado;A16231;137;;1;PT;ACB;FALSO;PT;A16231;;;;0,016388;1,47;0;0;A16 23 2 (;"A16 22 2 (60)
";145;
P3760372NDP;London Plafón 3760/60 Negro Texturado, LED 39W 6050lm, CRI90 CL.I, LED integrado, 2700K-3000K-4000K Slide Switch, Dim. DALI/Push, ON-DEMAND **;A16240;44;13;20;PT;ACB;FALSO;PT;A16240;P3760372N;A06060;-13;0,0395;6;0;0;A16 08 2 (;A16 05 2 (25);46;
A9755100N;Daniela Espejo 1700(h)xØ700mm Negro Texturado, LED 59W 3000K 4700lm, CRI90 CL.II IP44;A16241;1;1;3;PT;ACB;FALSO;PT;A16241;;;;0,117288;17,572;0;0;;;1;
A9439300N;Estela Espejo 1610(h)x810mm Negro Texturado, LED 68W 3000K 5350lm, CRI90 CL.II IP44;A16250;6;2;2;PT;ACB;FALSO;PT;A16250;;;;0,124488;22,543;0;0;;;6;
P3742274NDP;Aliso Plafón 3742/80 Negro Texturado, LED 75W 7507lm, CRI90 CL.I, LED integrado, 2700K-3000K-4000K Slide Switch, Dim. DALI/Push, ON-DEMAND **;A16251;12;4;6;PT;ACB;FALSO;PT;A16251;P3742274N;A10270;57;0,084672;8,87;0;0;A16 24 2 (;;13;
K0009090N;Base múltiple rectangular 680x87 mm 3 salidas Negro Texturado;A16260;49;1;1;PT;ACB;FALSO;PT;A16260;;;;0;0;0;0;;;50;
5PANTS8178B;Pantalla Sobremesa Clip 8178 D320xH120 mm Blanco ;A16261;5;3;8;PT;OTROS;FALSO;COMP;A16261;S8178081BSP;A15231;16;0,020527;0,985;0;0;;;5;
S3946080O;Parma Sobremesa 3946/18 Oro Viejo Mate/Opal, LED E27 15W, CL.II, (E27 max. Ø45 mm);A16261;3;3;8;PT;OTROS;FALSO;PT;A16261;S3946082OMSP;;0;0,034606;3;0;0;;;5;
C4036070WAL;Alma Colgante 1500mm Nogal/Negro Texturado, LED 22W 1870lm, CRI90 CL.I, 2700K-3000K Slide Switch;A16270;49;8;13;PT;ACB;FALSO;PT;A16270;;;;0,061152;3,6;0;84;A15 30 2 (;B04 27 2;49;
S8218031MAR;Stroll Sobremesa 8218 Arena, LED 3.5W 296lm, CRI90 CL.III IP65, LED integrado, Interruptor táctil, Regulador Kelvin step 2200-2700, Regulable intensidad, Batería integrada;A16271;95;2;5;PT;ACB;FALSO;PT;A16271;;;;0,007943;1,33;0;0;;;95;
A4047040NL;Canet Espejo Negro Mate Liso, Sin iluminación;A16280;5;;;PT;ACB;FALSO;PT;A16280;;;;0,1445;25,62;0;0;;;5;
C4008170N;Lineo Colgante 1200mm Negro Texturado, LED 22W 2100lm, CRI90 CL.I, 2700K-3000K Slide Switch;A16290;100;11;12;PT;ACB;FALSO;PT;A16290;;;;0,002709;0,001;0;0;;B09 10 2 //;102;
K1027090N;Totem Kit Base Empotrable Ø100x8mm Negro Texturado, LED 60W, CL.II;A16291;26;1;1;PT;ACB;FALSO;PT;A16291;;;;0;0;0;0;;;26;
H81631N;Maui Lámpara de pie 8163/1 Opal/Negro Mate, LED E27 15W, CL.II, (E27 max. Ø45 mm);A16300;12;1;8;PT;OTROS;FALSO;PT;A16300;H8163082NLSP;;11;0,144112;5,89;0;0;;"A15 12 1 (6) 


 ";12;
P2079080GR;Vega Plafón 2079 Antracita Texturado, LED E27 15W, CL.I IP65;A16301;55;;;PT;OTROS;FALSO;PT;A16301;;;;0,016967;2;0;0;;"
";55;
P3764180N;Zoom Plafón 3764/100 Negro Texturado, LED GU10 8W, CL.I;A16310;46;2;5;PT;ACB;FALSO;PT;A16310;;;;0,004641;1,735;0;0;;;47;
P3760572N;London Plafón 3760/100 Negro Texturado, LED 136W 21520lm, CRI90 CL.I, LED integrado, 2700K-3000K-4000K Slide Switch;A16320;12;3;5;PT;ACB;FALSO;PT;A16320;;;;0,17496;14;0;0;;;12;
86CON0101N;CONJUNTO 0101  NEGRO TEXTURADO TUBO SM+PORTALAMPARAS+CABLE NEGRO LED E27 1x15W;A16321;60;2;6;PT;OTROS;FALSO;COMP;A16321;S8202180N;;0;0,002091;0,6;0;0;;"
";60;
A36641NIZQ;Hold Aplique 16/3664 Negro Texturado/Pant blanca, LED E27 15W + LED 3W 3000K 315lm, CRI80 CL.I, Dos interruptores, Con USB, Orientable;A16321;3;;;PT;OTROS;FALSO;PT;A16321;A3664181NIZQ;B03070;12;0,023688;1,74;0;0;;;3;
P3764180B;Zoom Plafón 3764/100 Blanco Texturado, LED GU10 8W, CL.I;A16330;56;;;PT;ACB;FALSO;PT;A16330;;;;0,004641;1,735;0;0;;;56;
K0009190N;Base múltiple rectangular 1000x87 mm 5 salidas Negro Texturado;A16331;41;3;4;PT;ACB;FALSO;PT;A16331;;;;0;0,001;0;0;;;41;
A3833371B;Fosca Aplique 16/3833-140 Blanco Texturado, LED 43W 3800lm, CRI90 CL.I, LED integrado, 2700K-3000K-4000K Slide Switch;A16340;113;6;11;PT;ACB;FALSO;PT;A16340;;;;0,0097;3,71;0;0;;;116;
A3994140N;Giorgia Espejo 1700(h)x700mm Negro Texturado, Sin iluminación;A16341;3;;1;PT;ACB;FALSO;PT;A16341;;;;0,117288;15,722;0;0;;;4;
H2085000GR;Brisk Baliza 2085 Antracita Texturado, LED 12W 3000K 945lm, CRI90 CL.I IP65, LED integrado;A16350;111;3;7;PT;ACB;FALSO;PT;A16350;;;;0,01039;2,275;0;0;A14 28 2 (;;115;
A3971081NSP;Romeo Aplique 16/3971 Negro Texturado, LED 3W 3000K 285lm + LED E27 15W, CRI90 CL.I, Dos interruptores, Con USB, USB-C, Orientable, Sin pantalla;A16351;97;3;8;PT;ACB;FALSO;PT;A16351;;;;0,007358;0,8;0;0;;"

";97;
K1016091N;Kit Base Ø94x150 mm Negro Texturado, LED 9.5W 2700K 855lm, CRI90 CL.I;A16360;221;6;11;PT;OTROS;FALSO;PT;A16360;;;;0;0,001;0;0;;;231;
K4010140TE;Duo Pantalla Ø500mm Terracota RAL 3016;A16361;89;6;8;PT;ACB;FALSO;PT;A16361;;;;0;0,001;0;0;A14 02 2 (;A15 19 2 (18).                B02 33 2 (18);91;
A3972172N;Brick Aplique 16/3972-38 Negro Texturado, LED 38W 4650lm, CRI90 CL.I, LED integrado, 2700K-3000K-4000K Slide Switch, Difusor Microprismático;AA03321;7;;;OTRO;ACB;FALSO;PT;AA03321;;;;0,004998;2,055;0;0;;"
";7;
5PER016;PERFIL ALUMINIO SOPORTE TIRA LED 10725 (2170X25X1.5);ALTILLOES;-2,25;;;OTRO;OTROS;FALSO;COMP;ALTILLOES;;;;0;0;0;0;;;-2,25;
